world,drift_shift,treatment_effect,method,n_replicates,reject_rate,reject_rate_mcse,effect_bias,effect_bias_mcse,effect_rmse,control_bias,control_bias_mcse,effect_coverage95,effect_coverage95_mcse,prior_ess,prior_ess_mcse,roc_auc,roc_auc_mcse,sensitivity,specificity,fpr,ppv,fpr_mcse,oracle_spearman,roc_auc_obs
alt,-0.4,0.15,internal_only,2000,0.24,0.009549869109050658,-0.013502755938108613,0.002241197456427283,0.10111000706793409,0.021747598269765113,0.0017366937754665975,0.949,0.004919298730510276,0.0,0.0,0.5,0.0,0.0,1.0,0.0,nan,0.0,nan,0.5
alt,-0.4,0.15,eb_only,2000,0.6375,0.010749273231246846,0.013072228492145037,0.001442587485497934,0.06580972120992488,-0.004827386160488535,0.0003456219302643905,0.9745,0.00352489361541593,0.0,0.0,0.5,0.0,0.0,1.0,0.0,nan,0.0,nan,0.5
alt,-0.4,0.15,rule,2000,0.363,0.010752464833702085,0.0031842039201916547,0.001878808003634731,0.0840621690425288,0.005060638411464848,0.0012431624120060527,0.9715,0.003720735814324901,19.047011841664084,0.09606374585965902,0.5735910953187044,0.004161513142040299,0.7498091470608648,0.36805338338025234,0.6319466166197476,0.6406166617254669,0.004924517194916047,0.22957404322302585,0.6364803370590407
alt,-0.4,0.15,two_head,2000,0.435,0.01108546345445241,0.009643812123638565,0.0017819654584637584,0.08025353264309794,-0.0013989697919820619,0.0010939412498851234,0.9725,0.003656757443418962,61.96388039678163,0.38900216986741293,0.5733613937562132,0.0040678402562264555,0.7049760566312722,0.4138254613700344,0.5861745386299656,0.6437262357414448,0.0050290984050409574,0.24734169339813883,0.6488738543136692
alt,-0.4,0.15,two_head_pro,2000,0.4435,0.011108729675349921,0.010449239525830515,0.0017630576729180088,0.07951618043128249,-0.0022043971941740122,0.0010641811108539959,0.9745,0.00352489361541593,57.72577960891435,0.341647612923949,0.6059217384402407,0.004051200075013076,0.7114303560274828,0.42425190282556563,0.5757480971744344,0.6499080707538198,0.005046568930308076,0.24613255871842188,0.6820689647078536
alt,-0.4,0.15,two_head_pro_sam,2000,0.4435,0.011108729675349921,0.008897802855246951,0.001839575890331613,0.0827276602399297,-0.0006529605235904491,0.0011801608241159252,0.9695,0.0038451105315712303,56.736959024160875,0.35245890281876135,0.6059217384402407,0.004051200075013076,0.7114303560274828,0.42425190282556563,0.5757480971744344,0.6499080707538198,0.005046568930308076,0.24613255871842188,0.6820689647078536
alt,-0.4,0.15,two_head_pro_fixdisc,2000,0.3905,0.010908935557605975,0.005457432949400335,0.001826320905686868,0.08183730339792764,0.0027874093822561684,0.0011621460933669877,0.9735,0.00359150038284837,23.07460957979825,0.16734911141351072,0.5884411329202474,0.004121326780498696,0.6479283780970226,0.48555937858408926,0.5144406214159107,0.654239663629993,0.005103367635118653,0.26852506105389706,0.6650756561636191
alt,-0.4,0.15,selective_pro,2000,0.6375,0.010749273231246846,0.013072228492145037,0.001442587485497934,0.06580972120992488,-0.0048273861604885325,0.00034562193026439124,0.9745,0.00352489361541593,5.994630853803224e-14,1.6091508406995768e-15,0.5776361558081954,0.004103288552457692,0.716913040460823,0.4196642685851319,0.580335731414868,0.6498490186210367,0.005039166484562973,0.25591141283657387,0.6391564709851748
alt,-0.4,0.15,selective_pro_sam,2000,0.6375,0.010749273231246846,0.013072228492145037,0.001442587485497934,0.06580972120992488,-0.0048273861604885325,0.00034562193026439124,0.9745,0.00352489361541593,4.982169314118918e-14,1.331655423208861e-15,0.5776361558081954,0.004103288552457692,0.716913040460823,0.4196642685851319,0.580335731414868,0.6498490186210367,0.005039166484562973,0.25591141283657387,0.6391564709851748
alt,-0.4,0.15,robust_map_w0.5,2000,0.3365,0.010565693304274926,-0.0027546446359525962,0.001894348484535907,0.08474144129418908,0.0109994869676091,0.0012737021683535284,0.9715,0.003720735814324901,12.523446753748216,0.16004773096109265,0.5,0.0,1.0,0.0,1.0,0.600375,0.0,nan,0.5
alt,-0.4,0.15,power_prior,2000,0.704,0.010207448260951412,0.015837025780426024,0.001503703105774562,0.06907095137010702,-0.0075921834487695196,0.0005881556381407443,0.9475,0.004987171041783106,228.87195,0.8848411671279043,0.5,0.0,1.0,0.0,1.0,0.600375,0.0,nan,0.5
alt,-0.4,0.15,uip_dirichlet,2000,0.4105,0.010999767042987774,0.012789429144312716,0.0018690875768209716,0.08454024337036507,-0.004544586812656214,0.0012257813879436058,0.968,0.003935479640399632,11.869901200613175,0.10842162031224412,0.5007478850037179,0.001665218936677652,0.9981955722118121,0.00229381712021687,0.9977061828797831,0.6004926519706079,0.0004884822430831237,0.21080436954511103,0.4994407090471905
alt,-0.4,0.15,uip_js,2000,0.4155,0.011019522448817825,0.011667782966681145,0.0022020603265782857,0.09914346904085926,-0.003422940635024643,0.0016821109238572714,0.9245,0.005907611615534657,9.19124635332164,0.05708469112786026,0.5713031866945565,0.004965774959617458,0.30598931223540843,0.7421541028047127,0.2578458971952873,0.6406567858180762,0.004466786691620216,0.1261309880931489,0.6315426484986669
alt,-0.4,0.15,pooling,2000,0.76,0.009549869109050658,0.017956468594966003,0.0015091273038426035,0.0698218285179448,-0.009711626263309502,0.0006077022977253807,0.9305,0.005686376262612245,762.9065,2.9494705570930146,0.5,0.0,1.0,0.0,1.0,0.600375,0.0,nan,0.5
alt,-0.8,0.15,internal_only,2000,0.2395,0.00954305375652888,-0.01811414836613824,0.002304802725599601,0.10462811029206844,0.02478485719200719,0.0017917749258177004,0.953,0.004732388403332932,0.0,0.0,0.5,0.0,0.0,1.0,0.0,nan,0.0,nan,0.5
alt,-0.8,0.15,eb_only,2000,0.624,0.010831066429488834,0.010898157467073137,0.0014612006744124135,0.06623329638914859,-0.0042274486412041835,0.0003559150650813468,0.9655,0.00408103847078167,0.0,0.0,0.5,0.0,0.0,1.0,0.0,nan,0.0,nan,0.5
alt,-0.8,0.15,rule,2000,0.364,0.010758810343155975,0.004387155313121039,0.0019830960885480853,0.08877305139778886,0.002283553512747914,0.0013604831097161077,0.961,0.004328914413568374,18.891729114017892,0.09401916165191258,0.6385209346663505,0.004167070811548319,0.8265861027190332,0.38784648187633264,0.6121535181236674,0.48796147672552165,0.004107835600065205,0.2851124845391211,0.6568476515235775
alt,-0.8,0.15,two_head,2000,0.43,0.011070230349906908,0.011965787122831365,0.001914989728265817,0.08645162921852155,-0.005295078296962412,0.0012616085858811576,0.959,0.00443390347211123,61.598649839352994,0.3983294113281765,0.6337823539696034,0.004126628365810858,0.7782477341389729,0.4330490405117271,0.5669509594882729,0.49207258834766,0.004177286273755591,0.2821946535522254,0.6589731837417022
alt,-0.8,0.15,two_head_pro,2000,0.447,0.011117351303255644,0.014130609406741441,0.0018970733406473803,0.08598749766411462,-0.007459900580872491,0.0012376906353620473,0.958,0.00448530935387962,57.12413029239686,0.3485753540560872,0.6481227350685016,0.004422977944880018,0.7840886203423968,0.4292821606254442,0.5707178393745558,0.4922862923621649,0.004172872312931231,0.2778199253766455,0.6743143275550683
alt,-0.8,0.15,two_head_pro_sam,2000,0.447,0.011117351303255644,0.011921600368370706,0.001978278349023506,0.08924898555472358,-0.005250891542501753,0.00136392741578281,0.9525,0.00475624589355933,55.685194421032655,0.3687016011580268,0.6481227350685016,0.004422977944880018,0.7840886203423968,0.4292821606254442,0.5707178393745558,0.4922862923621649,0.004172872312931231,0.2778199253766455,0.6743143275550683
alt,-0.8,0.15,two_head_pro_fixdisc,2000,0.4025,0.010965713611069731,0.008670436470084114,0.001937465447866957,0.08705726517400317,-0.001999727644215162,0.001296167283613543,0.9635,0.004193313129257102,22.83139489506308,0.1746014647589518,0.6152726644366174,0.004464467934465164,0.7095669687814703,0.4759772565742715,0.5240227434257285,0.4886607947846591,0.004210378315282839,0.25061234964352336,0.6421092990537436
alt,-0.8,0.15,selective_pro,2000,0.624,0.010831066429488834,0.010898157467073144,0.001461200674412414,0.0662332963891486,-0.004227448641204191,0.00035591506508134786,0.9655,0.00408103847078167,6.199348774831606e-14,1.8487961451367083e-15,0.6447776610821451,0.004115790464698572,0.8094662638469285,0.4409381663113006,0.5590618336886994,0.505407444668008,0.004185734902483482,0.3052985204703734,0.6618633710068895
alt,-0.8,0.15,selective_pro_sam,2000,0.624,0.010831066429488834,0.010898157467073144,0.001461200674412414,0.0662332963891486,-0.004227448641204191,0.0003559150650813478,0.9655,0.00408103847078167,4.8851054195308506e-14,1.4377705096509689e-15,0.6447776610821451,0.004115790464698572,0.8094662638469285,0.4409381663113006,0.5590618336886994,0.505407444668008,0.004185734902483482,0.3052985204703734,0.6618633710068895
alt,-0.8,0.15,robust_map_w0.5,2000,0.3345,0.010550112558641259,-0.00210717603718977,0.002000396603773632,0.08946290711271057,0.00877788486305872,0.0013906581456744848,0.962,0.004275277768753747,9.738840048865,0.11383031699563825,0.5,0.0,1.0,0.0,1.0,0.41375,0.0,nan,0.5
alt,-0.8,0.15,power_prior,2000,0.807,0.008824709626950906,0.033503638512702306,0.0015436897944137076,0.07672070892635523,-0.026832929686833366,0.0006329575416124208,0.92,0.006066300355241239,228.58155000000002,0.8848228483912853,0.5,0.0,1.0,0.0,1.0,0.41375,0.0,nan,0.5
alt,-0.8,0.15,uip_dirichlet,2000,0.45,0.011124297730643494,0.017960138580603992,0.0018960556103343594,0.08665463233963791,-0.01128942975473504,0.0012385465877568825,0.958,0.00448530935387962,13.6819641948235,0.13245698213909135,0.4977946709315697,0.0016958651733107973,0.997079556898288,0.003127221037668799,0.9968727789623312,0.4138003092740419,0.00047070857430320695,0.09498177472093428,0.49676054797582575
alt,-0.8,0.15,uip_js,2000,0.41,0.010997727037892875,0.009002927929342866,0.0022860745353773743,0.10260653067481329,-0.0023322191034739134,0.0017599080365053518,0.913,0.006302023484564302,9.316801920023147,0.05798564541133907,0.6201422039003451,0.005467865285517109,0.3427995971802618,0.7679459843638948,0.23205401563610517,0.5104213525266157,0.0035588758023816715,0.202540885241835,0.6674298750108936
alt,-0.8,0.15,pooling,2000,0.8485,0.008017098914195832,0.0372904954525028,0.0015489255593998342,0.07865445097277553,-0.030619786626633845,0.0006542088690869607,0.8955,0.006840312492861713,761.9385,2.9494094946376177,0.5,0.0,1.0,0.0,1.0,0.41375,0.0,nan,0.5
alt,-1.2,0.15,internal_only,2000,0.2225,0.009300369616310956,-0.020157926748941842,0.0022359996976052047,0.10198397722950968,0.024980801381189927,0.0017272658437698179,0.96,0.004381780460041331,0.0,0.0,0.5,0.0,0.0,1.0,0.0,nan,0.0,nan,0.5
alt,-1.2,0.15,eb_only,2000,0.6215,0.010845223603042953,0.008984825330720998,0.0014457357147174379,0.06526055813495497,-0.004161950698472913,0.00034480013185912646,0.97,0.003814446224552132,0.0,0.0,0.5,0.0,0.0,1.0,0.0,nan,0.0,nan,0.5
alt,-1.2,0.15,rule,2000,0.3415,0.010603719866160178,0.004654064700554627,0.0019619389160763596,0.08784201577124866,0.00016880993169345938,0.0013593127682088233,0.9625,0.004248161366991606,18.945178035531193,0.09475311798530159,0.6392814269504304,0.0040542958448969105,0.834054225129233,0.3829626058811377,0.6170373941188623,0.4687537056800664,0.004033997866951585,0.28193286557315156,0.6623274019311601
alt,-1.2,0.15,two_head,2000,0.3995,0.010952163028370241,0.011122857228361177,0.0019081418965227125,0.08603538773060669,-0.006299982596113091,0.001290995538871272,0.959,0.00443390347211123,61.42884164795901,0.37713867304916937,0.6353009575390021,0.004138572735265652,0.7890072792488659,0.4291715446594587,0.5708284553405413,0.4743150684931507,0.00410742842262135,0.2789066273242883,0.6677982284599931
alt,-1.2,0.15,two_head_pro,2000,0.417,0.011025221086218633,0.014113703681232529,0.001897113300378365,0.08598648348241802,-0.009290829048984442,0.0012770015344192064,0.9555,0.004610843198374891,56.92884237462782,0.3331305829204376,0.6390645108174527,0.004580257139809822,0.7928051482223863,0.42331795330900074,0.5766820466909992,0.47296872049845806,0.00410018352920471,0.2591303691756765,0.6694901533953821
alt,-1.2,0.15,two_head_pro_sam,2000,0.4165,0.01102333320733797,0.011098214442131396,0.00199199562730815,0.08975129790512168,-0.006275339809883313,0.0014172500701765383,0.954,0.0046842288586276416,54.82169377162094,0.362136268435184,0.6390645108174527,0.004580257139809822,0.7928051482223863,0.42331795330900074,0.5766820466909992,0.47296872049845806,0.00410018352920471,0.2591303691756765,0.6694901533953821
alt,-1.2,0.15,two_head_pro_fixdisc,2000,0.3785,0.010845223603042953,0.009550961882047595,0.0019281574926515105,0.0867357234044438,-0.004728087249799508,0.0013244692658180874,0.9595,0.004407933189148855,22.6853477221819,0.1617874231735438,0.601671584306474,0.004644065647976898,0.7156873087878468,0.46897596584257284,0.5310240341574272,0.4680234563642635,0.004141275464799807,0.22324010015629536,0.6314161978786161
alt,-1.2,0.15,selective_pro,2000,0.6215,0.010845223603042953,0.008984825330721013,0.0014457357147174383,0.06526055813495499,-0.004161950698472929,0.0003448001318591278,0.97,0.003814446224552132,5.957892940029941e-14,1.6015247613892832e-15,0.6475246472101129,0.0040625623994639,0.8180187783521469,0.43950141174850216,0.5604985882514979,0.48788774932360157,0.004118785128968416,0.3037497452946911,0.670423727204773
alt,-1.2,0.15,selective_pro_sam,2000,0.6215,0.010845223603042953,0.008984825330721013,0.0014457357147174383,0.06526055813495499,-0.004161950698472928,0.0003448001318591277,0.97,0.003814446224552132,4.3321832846256724e-14,1.2283358649217922e-15,0.6475246472101129,0.0040625623994639,0.8180187783521469,0.43950141174850216,0.5604985882514979,0.48788774932360157,0.004118785128968416,0.3037497452946911,0.670423727204773
alt,-1.2,0.15,robust_map_w0.5,2000,0.3165,0.010400186296408348,-0.0023998174144919454,0.0019822439632939674,0.08865896509955232,0.00722269204674003,0.001393623117806155,0.9655,0.00408103847078167,7.74986287393655,0.0790463085145262,0.5,0.0,1.0,0.0,1.0,0.39495833333333336,0.0,nan,0.5
alt,-1.2,0.15,power_prior,2000,0.858,0.00780499839846236,0.045305481784779604,0.0015405053478055007,0.08244105152324946,-0.04048260715253151,0.0006729603764705022,0.892,0.006940316995642202,228.9222,0.8955680150690998,0.5,0.0,1.0,0.0,1.0,0.39495833333333336,0.0,nan,0.5
alt,-1.2,0.15,uip_dirichlet,2000,0.4795,0.011170938859379725,0.023200717461646227,0.0018218202118619887,0.08469363630491082,-0.018377842829398142,0.0011592525743233423,0.9545,0.004659922209651143,16.436584531551205,0.15666888873488666,0.4987508747789794,0.0016421955824630372,0.9978900727924886,0.002341436540183183,0.9976585634598168,0.39501378100726636,0.00040108267284266183,0.08861813633754932,0.4987265450296496
alt,-1.2,0.15,uip_js,2000,0.3995,0.010952163028370241,0.008158412645209398,0.002206412247080472,0.0989858649000899,-0.0033355380129613133,0.0016914065162780664,0.9205,0.006048956521582876,9.401591857501316,0.05856839814323099,0.6817879883196608,0.005568470363795569,0.38432324084819075,0.7900282349700434,0.20997176502995663,0.5443813508667065,0.0033798972144275523,0.28832117016632053,0.7210968316360473
alt,-1.2,0.15,pooling,2000,0.8915,0.00695441406590088,0.050075959443506804,0.001549007688888523,0.08546374628951757,-0.04525308481125872,0.0007005232864033044,0.8615,0.007723915781519111,763.074,2.9852267168969995,0.5,0.0,1.0,0.0,1.0,0.39495833333333336,0.0,nan,0.5
alt,0.0,0.15,internal_only,2000,0.237,0.009508706536643142,-0.02104213955792995,0.002288258294998931,0.10444992848448295,0.026922569069500257,0.0018301795347575591,0.946,0.005053909377897473,0.0,0.0,0.5,0.0,0.0,1.0,0.0,nan,0.0,nan,0.5
alt,0.0,0.15,eb_only,2000,0.6315,0.010786745338608862,0.009689616946604083,0.001416839563477029,0.06408392887059002,-0.0038091874350337776,0.0003643272117174063,0.9745,0.00352489361541593,0.0,0.0,0.5,0.0,0.0,1.0,0.0,nan,0.0,nan,0.5
alt,0.0,0.15,rule,2000,0.309,0.010332448886880593,-0.00939764010519949,0.0018800720618521003,0.08458204823780702,0.015278069616769795,0.0012852041203485743,0.966,0.004052406692324946,18.99614107941898,0.09312354718127745,0.49167582410225574,0.005285720830963781,0.6979682071797031,0.2970811675329868,0.7029188324670133,0.790414878397711,0.006461276209073936,0.183192228626744,0.6606834227788259
alt,0.0,0.15,two_head,2000,0.366,0.010771350890208711,-0.00446018429038022,0.0017598209525392311,0.07880822193217744,0.010340613801950524,0.0011093873977628369,0.97,0.003814446224552132,61.68964502920422,0.3824162105658671,0.49116811642659997,0.005265535645879074,0.650857985051058,0.33866453418632547,0.6613354658136745,0.7889363874178523,0.006691506780161054,0.21574165958424169,0.6824669804376983
alt,0.0,0.15,two_head_pro,2000,0.371,0.01080182854890782,-0.004475784707410743,0.0017446022261968645,0.07812978220321334,0.010356214218981046,0.0010802180982014185,0.969,0.003875499967746099,57.76082913128201,0.3362375331734674,0.5301629111776248,0.005010742454939715,0.6559637856616486,0.36185525789684125,0.6381447421031587,0.7960904561134534,0.006794463933953173,0.18891160051573358,0.7111070098853475
alt,0.0,0.15,two_head_pro_sam,2000,0.371,0.01080182854890782,-0.005419104899134627,0.001808904254619142,0.0810577804289256,0.011299534410704928,0.0011811616679171927,0.9655,0.00408103847078167,56.918108657284556,0.3504171744003841,0.5301629111776248,0.005010742454939715,0.6559637856616486,0.36185525789684125,0.6381447421031587,0.7960904561134534,0.006794463933953173,0.18891160051573358,0.7111070098853475
alt,0.0,0.15,two_head_pro_fixdisc,2000,0.3245,0.010468995892634595,-0.008536200822105445,0.0018209001695680047,0.0818590612095775,0.01441663033367575,0.001200313273278798,0.9675,0.00396508196636589,23.112391476345337,0.16973008354185629,0.5289280186350706,0.005105123472121384,0.6008527213390883,0.4330267892842863,0.5669732107157137,0.8009964213037681,0.00700594636687204,0.26342707154125194,0.7097153351010405
alt,0.0,0.15,selective_pro,2000,0.6315,0.010786745338608862,0.009689616946604064,0.001416839563477029,0.06408392887059002,-0.003809187435033761,0.00036432721171740723,0.9745,0.00352489361541593,5.853949938941448e-14,1.5443222791705325e-15,0.49070046237000103,0.005275200386995616,0.6583850931677019,0.33446621351459416,0.6655337864854058,0.7897960472311675,0.006670975366573036,0.2165909489123305,0.6596641379308256
alt,0.0,0.15,selective_pro_sam,2000,0.6315,0.010786745338608862,0.009689616946604066,0.001416839563477029,0.06408392887059003,-0.0038091874350337615,0.0003643272117174071,0.9745,0.00352489361541593,4.9873426126638903e-14,1.3290277114280686e-15,0.49070046237000103,0.005275200386995616,0.6583850931677019,0.33446621351459416,0.6655337864854058,0.7897960472311675,0.006670975366573036,0.2165909489123305,0.6596641379308256
alt,0.0,0.15,robust_map_w0.5,2000,0.278,0.010017884008112692,-0.016770052861525463,0.0019018729125485276,0.0866709795916402,0.02265048237309577,0.0013161091883690257,0.9635,0.004193313129257102,13.697511421216676,0.17373942813381804,0.5,0.0,1.0,0.0,1.0,0.7915833333333333,0.0,nan,0.5
alt,0.0,0.15,power_prior,2000,0.5525,0.011118537448783451,-0.012458065973179012,0.00148021453635132,0.06734302131602027,0.018338495484749317,0.0005911882532155104,0.951,0.004826955562256609,229.3023,0.8803118861309505,0.5,0.0,1.0,0.0,1.0,0.7915833333333333,0.0,nan,0.5
alt,0.0,0.15,uip_dirichlet,2000,0.3305,0.010518311413910506,-0.002756707177475583,0.001904033665119504,0.08517430649016909,0.008637136689045888,0.0013233509686918145,0.966,0.004052406692324946,10.739368935621167,0.07993573129591641,0.4980931772338851,0.0019861267878620217,0.9983156121697021,0.0021991203518592563,0.9978008796481408,0.7916684058938932,0.0006623302588276831,0.35683502531608996,0.5006043068322665
alt,0.0,0.15,uip_js,2000,0.3795,0.010850800661702343,0.0008848206365148958,0.0022322734161167937,0.09980926345564313,0.004995608875055409,0.0017559382317433782,0.9325,0.005609979946488223,9.089389986250156,0.053004045333915145,0.5692264528458855,0.005772710153939287,0.31061164333087693,0.7387045181927229,0.26129548180727713,0.8186736958934517,0.006211971922088161,0.11804641017041469,0.6402549999212467
alt,0.0,0.15,pooling,2000,0.6095,0.010908935557605975,-0.011890907422227887,0.0014846816284220937,0.06743699633980137,0.017771336933798194,0.000608432596198046,0.9365,0.005452877680637995,764.341,2.9343729537698353,0.5,0.0,1.0,0.0,1.0,0.7915833333333333,0.0,nan,0.5
alt,0.4,0.15,internal_only,2000,0.225,0.00933742469849155,-0.021118805135776724,0.0023517069708983342,0.1072451619357702,0.0280217666162932,0.0018359807856662119,0.943,0.005184158562389852,0.0,0.0,0.5,0.0,0.0,1.0,0.0,nan,0.0,nan,0.5
alt,0.4,0.15,eb_only,2000,0.6085,0.010913930318634071,0.010484952396665905,0.001474923238346351,0.06677241905330009,-0.003581990916149433,0.0003636171219568435,0.968,0.003935479640399632,0.0,0.0,0.5,0.0,0.0,1.0,0.0,nan,0.0,nan,0.5
alt,0.4,0.15,rule,2000,0.2675,0.009898074307662071,-0.0174795101212925,0.001967186710516784,0.08967335478610146,0.024382471601808973,0.0013274032190128602,0.958,0.00448530935387962,18.94520399473332,0.09337274515005899,0.5809536676286677,0.004084061722212341,0.7559466109909776,0.37104542449711964,0.6289545755028804,0.6035242290748899,0.004694568782751981,0.22399855655680953,0.6699781182359308
alt,0.4,0.15,two_head,2000,0.301,0.010256680749638257,-0.015234824178913947,0.0018588373751343157,0.08449377116549889,0.02213778565943042,0.0011733223460782367,0.961,0.004328914413568374,61.438489080924434,0.3744100980435681,0.5813387611231362,0.004063609418805769,0.7135187532622475,0.4133534800264425,0.5866465199735575,0.6063620809834611,0.004785436683049013,0.23599708883835585,0.6816616184163059
alt,0.4,0.15,two_head_pro,2000,0.297,0.010217411609600545,-0.01664412171646454,0.0018375109238617056,0.08382447811909939,0.023547083196981015,0.0011385035183378782,0.9615,0.004302194207610808,57.35736607542866,0.3287634955691571,0.6068760604557479,0.004148075249053232,0.7226903288345388,0.4262914345075078,0.5737085654924923,0.6147015919325173,0.004805864214709526,0.23670710757496824,0.7037555074555074
alt,0.4,0.15,two_head_pro_sam,2000,0.299,0.010237162692855867,-0.01691712174010302,0.0018971610919789402,0.0864929488779172,0.023820083220619494,0.0012326566023452112,0.957,0.004536022486716751,56.39783477010609,0.3462903981414877,0.6068760604557479,0.004148075249053232,0.7226903288345388,0.4262914345075078,0.5737085654924923,0.6147015919325173,0.004805864214709526,0.23670710757496824,0.7037555074555074
alt,0.4,0.15,two_head_pro_fixdisc,2000,0.274,0.00997306372184596,-0.018738903791728986,0.0019058672782547123,0.08724777561564194,0.025641865272245462,0.0012422070564373736,0.9605,0.004355441998236229,22.91174815995768,0.16011609176642091,0.5864767977392978,0.004176924385944281,0.6660949966445455,0.4801208801586552,0.5198791198413448,0.6187145033938218,0.004855109286436349,0.24682110252801742,0.6843864064754689
alt,0.4,0.15,selective_pro,2000,0.6085,0.010913930318634071,0.010484952396665855,0.001474923238346352,0.06677241905330011,-0.0035819909161493822,0.0003636171219568462,0.968,0.003935479640399632,5.888710331812222e-14,1.6302084768028527e-15,0.5872201554232804,0.004018041921641444,0.7271642681380956,0.4247804325243177,0.5752195674756824,0.6155399861137411,0.00480365272320959,0.25016906409381084,0.6745880674302549
alt,0.4,0.15,selective_pro_sam,2000,0.6085,0.010913930318634071,0.010484952396665857,0.001474923238346352,0.06677241905330011,-0.003581990916149384,0.00036361712195684615,0.968,0.003935479640399632,4.758980695910618e-14,1.4094120861219337e-15,0.5872201554232804,0.004018041921641444,0.7271642681380956,0.4247804325243177,0.5752195674756824,0.6155399861137411,0.00480365272320959,0.25016906409381084,0.6745880674302549
alt,0.4,0.15,robust_map_w0.5,2000,0.2265,0.009359427065798419,-0.027243097120310394,0.0019986403914956942,0.09342011885203459,0.03414605860082686,0.0013692225508814147,0.9555,0.004610843198374891,12.322556125495046,0.15283022226771772,0.5,0.0,1.0,0.0,1.0,0.5587916666666667,0.0,nan,0.5
alt,0.4,0.15,power_prior,2000,0.3325,0.010534318914861084,-0.044544283526957676,0.0015575076282141438,0.08266454735137999,0.05144724500747415,0.0006562411483635811,0.897,0.006796727153564427,229.6449,0.8645365369415299,0.5,0.0,1.0,0.0,1.0,0.5587916666666667,0.0,nan,0.5
alt,0.4,0.15,uip_dirichlet,2000,0.2695,0.009921435128044732,-0.014728801781775222,0.001984383582117366,0.0899364010047086,0.0216317632622917,0.0013555807646564535,0.9565,0.004561126505590477,10.509843630245035,0.07660720213743041,0.5032935718795094,0.0016352007395358686,0.9977630303482216,0.0022665029747851546,0.9977334970252149,0.5587989643364236,0.00046212338846241577,0.19221954066619676,0.5036641857563733
alt,0.4,0.15,uip_js,2000,0.3825,0.010867238609692896,-0.00255677599622223,0.0022905715847541673,0.1024437736276657,0.009459737476738702,0.0017563953891219744,0.922,0.005996498978570745,9.09872096987504,0.05491601593780485,0.6055911398208274,0.0051394963051467945,0.3510551040190888,0.7434129757295307,0.2565870242704693,0.6340740740740741,0.0042442889165855155,0.1780176312051209,0.6531568226911977
alt,0.4,0.15,pooling,2000,0.3715,0.010804807957571482,-0.04630938234467112,0.0015650474883417596,0.08390981349659808,0.053212343825187594,0.0006833715688144327,0.8705,0.007507654427316162,765.483,2.8817884564717664,0.5,0.0,1.0,0.0,1.0,0.5587916666666667,0.0,nan,0.5
alt,0.8,0.15,internal_only,2000,0.2245,0.009330052250657549,-0.023658686984055634,0.0022695562700996317,0.1041938285621729,0.0265218067804256,0.001765159153939445,0.948,0.0049646752159632785,0.0,0.0,0.5,0.0,0.0,1.0,0.0,nan,0.0,nan,0.5
alt,0.8,0.15,eb_only,2000,0.6105,0.010903892653543504,0.006699678272257959,0.0014703137680433685,0.06607850648562696,-0.0038365584758879912,0.00035348825518140726,0.9665,0.004023540107914917,0.0,0.0,0.5,0.0,0.0,1.0,0.0,nan,0.0,nan,0.5
alt,0.8,0.15,rule,2000,0.235,0.009480901855836289,-0.02645997860938769,0.001990327740532583,0.09283845158640676,0.02932309840575766,0.0013808954130241449,0.9575,0.004510751046111944,19.00347304924493,0.09281811875392307,0.6335094408694734,0.004107784933748017,0.822515736250129,0.38605073729820394,0.6139492627017961,0.47571019336357123,0.0040699005049490205,0.2754275115115153,0.7073771265840989
alt,0.8,0.15,two_head,2000,0.2475,0.009649967616525975,-0.0258276855385408,0.0019258566088818192,0.08989553811256339,0.028690805334910762,0.0012830168623662686,0.9575,0.004510751046111944,61.6648436101346,0.3772882556024992,0.6341962988928797,0.004142396498741841,0.7810339490248684,0.4342022503319589,0.5657977496680411,0.4831790616022981,0.0041435444397338525,0.2810080386041856,0.7178027727321069
alt,0.8,0.15,two_head_pro,2000,0.234,0.009466889668734923,-0.028450227210262368,0.001918381823985531,0.09036654737616713,0.03131334700663234,0.0012693942137204939,0.9555,0.004610843198374891,56.83154256334177,0.3170849256676204,0.6465163830848325,0.004317360127778859,0.7965122278402642,0.43273464253267174,0.5672653574673283,0.4874336953776206,0.004141897253430724,0.27591669458141105,0.7233047761957939
alt,0.8,0.15,two_head_pro_sam,2000,0.2375,0.009515612171584127,-0.027429425663493497,0.0019515002806809528,0.09146185942719125,0.03029254545986346,0.0013210479078838756,0.9525,0.00475624589355933,55.68890389688463,0.33674902755966324,0.6465163830848325,0.004317360127778859,0.7965122278402642,0.43273464253267174,0.5672653574673283,0.4874336953776206,0.004141897253430724,0.27591669458141105,0.7233047761957939
alt,0.8,0.15,two_head_pro_fixdisc,2000,0.2245,0.009330052250657549,-0.029971301498186984,0.0019640665156250695,0.09278758490130364,0.032834421294556944,0.0013387469337304931,0.955,0.004635461142108735,22.68746147537781,0.15715278115512107,0.6128628913370271,0.004386964307210242,0.7302651945103704,0.47753162345377037,0.5224683765462297,0.4862914862914863,0.0041756725172232435,0.24695106290179122,0.688274035370455
alt,0.8,0.15,selective_pro,2000,0.6105,0.010903892653543504,0.006699678272257915,0.0014703137680433691,0.06607850648562698,-0.003836558475887947,0.0003534882551814088,0.9665,0.004023540107914917,6.184019504413537e-14,1.7941304384472493e-15,0.6410654228430407,0.004082045332815064,0.8072438344856052,0.43783632678733664,0.5621636732126634,0.49303586059116405,0.004147464172601968,0.2980078617801928,0.7139205731338271
alt,0.8,0.15,selective_pro_sam,2000,0.6105,0.010903892653543504,0.006699678272257918,0.0014703137680433691,0.06607850648562698,-0.0038365584758879505,0.0003534882551814087,0.9665,0.004023540107914917,4.494686502963122e-14,1.4651058635833403e-15,0.6410654228430407,0.004082045332815064,0.8072438344856052,0.43783632678733664,0.5621636732126634,0.49303586059116405,0.004147464172601968,0.2980078617801928,0.7139205731338271
alt,0.8,0.15,robust_map_w0.5,2000,0.183,0.008646126300257243,-0.03737084685108643,0.0020447082521352724,0.0987626601263411,0.0402339666474564,0.0014612918593010032,0.947,0.005009540897128201,8.323935924761795,0.08788084525445838,0.5,0.0,1.0,0.0,1.0,0.40379166666666666,0.0,nan,0.5
alt,0.8,0.15,power_prior,2000,0.161,0.008218241904446474,-0.08723081105245195,0.0016454582505841904,0.11411210528618482,0.09009393084882193,0.0008275867735148905,0.7585,0.009570207677997381,227.6541,0.8717352739157079,0.5,0.0,1.0,0.0,1.0,0.40379166666666666,0.0,nan,0.5
alt,0.8,0.15,uip_dirichlet,2000,0.21,0.00910768905925098,-0.03170872464778746,0.0019805922307324347,0.09405855432697299,0.03457184444415744,0.0013705596275896082,0.95,0.004873397172404485,10.859643106963574,0.07763322234880649,0.49744168546930323,0.0017028834956498884,0.9982457950675885,0.002585785170172619,0.9974142148298274,0.4039923160444333,0.00042455049837563345,0.08802618086155191,0.4962835046142207
alt,0.8,0.15,uip_js,2000,0.364,0.010758810343155975,-0.008313713915101658,0.0022455178553261283,0.1007411354204452,0.011176833711471627,0.0017255720427444506,0.9295,0.005724061058374553,9.24511776624538,0.05427873925982576,0.7005166010833596,0.0054912160388085,0.4002682901661335,0.7920888951009853,0.20791110489901465,0.5659468923256492,0.0033925102122878,0.32050470001449943,0.7274802184020149
alt,0.8,0.15,pooling,2000,0.178,0.008553244998244818,-0.09205301113345052,0.0016656131784999408,0.11840404179021982,0.09491613092982049,0.0008698469466392147,0.697,0.010275967107771414,758.847,2.9057842463856933,0.5,0.0,1.0,0.0,1.0,0.40379166666666666,0.0,nan,0.5
null,-0.4,0.0,internal_only,2000,0.018,0.0029728773940409987,-0.016101229816633755,0.0021278759103465707,0.09649058775541122,0.026143717079734032,0.0017830540761079657,0.9535,0.004708383480558906,0.0,0.0,0.5,0.0,0.0,1.0,0.0,nan,0.0,nan,0.5
null,-0.4,0.0,eb_only,2000,0.0125,0.002484325864293974,0.014005524243062688,0.0012205874767737984,0.056341214509882685,-0.00396303697996241,0.0003550573477721595,0.9835,0.002848486440199423,0.0,0.0,0.5,0.0,0.0,1.0,0.0,nan,0.0,nan,0.5
null,-0.4,0.0,rule,2000,0.014,0.002627165773224065,0.0022218333597726725,0.0017272368685205225,0.07725702295734532,0.007820653903327604,0.0012786777278631467,0.9745,0.00352489361541593,18.90832182666204,0.09369203262846258,0.5630484254715941,0.004165687790518569,0.7385734072022161,0.3677824267782427,0.6322175732217573,0.6382787719193249,0.004931736025269852,0.20352858266435955,0.6385193975125748
null,-0.4,0.0,two_head,2000,0.0165,0.0028484864401994267,0.009100730103813393,0.0016227998975548697,0.07312420135579699,0.0009417571592868846,0.0011317008901450193,0.9745,0.00352489361541593,61.559180406337795,0.38788155897213744,0.5590675868727174,0.0042226700759194985,0.6893351800554016,0.4125523012552301,0.5874476987447699,0.6393063583815028,0.0050349500251416655,0.2173372903668203,0.6463201453515048
null,-0.4,0.0,two_head_pro,2000,0.018,0.0029728773940409987,0.009991154962362274,0.0016066694181259972,0.07252596107012617,5.133230073800528e-05,0.0011061935418379368,0.972,0.0036889022757454573,57.21481575756795,0.33537841558765613,0.5886084000531441,0.004148951003349561,0.6952216066481994,0.4189330543933054,0.5810669456066946,0.6437732461203027,0.005046106978772202,0.21511549566936616,0.6744962779968414
null,-0.4,0.0,two_head_pro_sam,2000,0.0185,0.003013117156700018,0.008532483585879526,0.0016915246435141534,0.07610816815398369,0.0015100036772207539,0.0012214315577326895,0.9675,0.00396508196636589,56.1235274396552,0.35040765355903075,0.5886084000531441,0.004148951003349561,0.6952216066481994,0.4189330543933054,0.5810669456066946,0.6437732461203027,0.005046106978772202,0.21511549566936616,0.6744962779968414
null,-0.4,0.0,two_head_pro_fixdisc,2000,0.0145,0.0026729898989708138,0.004552396349771895,0.0016731712800038987,0.07494617451780282,0.005490090913328384,0.0012026774454585664,0.9745,0.00352489361541593,22.883766703588407,0.16855265164257366,0.5699474714229481,0.004263921887894796,0.6376038781163434,0.4755230125523013,0.5244769874476987,0.6474228253990577,0.005107637208546654,0.23517788426713498,0.6578311633816767
null,-0.4,0.0,selective_pro,2000,0.0125,0.002484325864293974,0.014005524243062686,0.0012205874767737986,0.05634121450988269,-0.003963036979962409,0.00035505734777216034,0.9835,0.002848486440199423,6.215600288860319e-14,1.9986472431022404e-15,0.565132003166687,0.004160014091770731,0.7043628808864266,0.4164225941422594,0.5835774058577405,0.6457777777777778,0.005041821095725882,0.22706077783119236,0.6393151182100231
null,-0.4,0.0,selective_pro_sam,2000,0.0125,0.002484325864293974,0.014005524243062686,0.0012205874767737986,0.0563412145098827,-0.003963036979962408,0.00035505734777216034,0.9835,0.002848486440199423,5.2230382955775154e-14,1.7526496469325231e-15,0.565132003166687,0.004160014091770731,0.7043628808864266,0.4164225941422594,0.5835774058577405,0.6457777777777778,0.005041821095725882,0.22706077783119236,0.6393151182100231
null,-0.4,0.0,robust_map_w0.5,2000,0.0095,0.002169072382379159,-0.0038389506850488244,0.001766217678072491,0.0790611648671297,0.013881437948149103,0.001318475332412476,0.9765,0.0033873108803297025,12.302329186693608,0.15210775785202194,0.5,0.0,1.0,0.0,1.0,0.6016666666666667,0.0,nan,0.5
null,-0.4,0.0,power_prior,2000,0.041,0.004433903472111228,0.017186190680953062,0.0013246094396141789,0.061666773022305464,-0.007143703417852782,0.000600889920537595,0.9435,0.005162739098579358,228.56730000000002,0.8936393573503254,0.5,0.0,1.0,0.0,1.0,0.6016666666666667,0.0,nan,0.5
null,-0.4,0.0,uip_dirichlet,2000,0.021,0.0032061659345704488,0.01183654366184172,0.0017146452211057104,0.07757048553506499,-0.0017940563987414416,0.0012576219261751075,0.969,0.003875499967746099,11.90888065930969,0.09969207319252957,0.4992047382288225,0.0016039187641885288,0.9973684210526316,0.002301255230125523,0.9976987447698745,0.6015873015873016,0.0004900644068433639,0.21374062072394517,0.49996210420127546
null,-0.4,0.0,uip_js,2000,0.0525,0.004987171041783107,0.008476146139500693,0.0020833758461412688,0.09353295906273673,0.0015663411235995867,0.0017305797750674502,0.9245,0.005907611615534657,9.257456343108272,0.05498526558276321,0.5635978374406623,0.0049227845661454425,0.307202216066482,0.7429916317991632,0.25700836820083683,0.6435514289859278,0.0044692705646772815,0.12224605101881945,0.6229468880148024
null,-0.4,0.0,pooling,2000,0.066,0.005551756478809206,0.019567884275664787,0.0013359959734822015,0.06285608715236703,-0.009525397012564512,0.000621472027161184,0.915,0.006235984284778145,761.891,2.978797857834418,0.5,0.0,1.0,0.0,1.0,0.6016666666666667,0.0,nan,0.5
null,-0.8,0.0,internal_only,2000,0.019,0.003052785613173647,-0.01605080532693602,0.0021183240013567793,0.09606109620713718,0.027273945781260488,0.001728278240413874,0.951,0.004826955562256609,0.0,0.0,0.5,0.0,0.0,1.0,0.0,nan,0.0,nan,0.5
null,-0.8,0.0,eb_only,2000,0.01,0.0022248595461286987,0.014812516171134915,0.0012401153895158275,0.05739028757349806,-0.003589375716810452,0.0003507361212904039,0.9835,0.002848486440199423,0.0,0.0,0.5,0.0,0.0,1.0,0.0,nan,0.0,nan,0.5
null,-0.8,0.0,rule,2000,0.021,0.0032061659345704488,0.007129841655988887,0.0017874256255810948,0.08023353716271286,0.004093298798335574,0.001315713364008805,0.968,0.003935479640399632,19.02985050811637,0.09355697085721046,0.6302737302831477,0.004074783653829062,0.816275083190481,0.38301498260313854,0.6169850173968614,0.4823045757864633,0.004096355133340623,0.2745724998052193,0.6594664689563354
null,-0.8,0.0,two_head,2000,0.026,0.003558370413546066,0.014854468060762589,0.001718239894834616,0.07824576375392192,-0.0036313276064381264,0.0012249310825546748,0.964,0.0041655731898503495,61.81817340580369,0.37267497920408577,0.6233441872505157,0.0041449767835479295,0.7683775335282848,0.4278207768231201,0.5721792231768799,0.4860313815537696,0.0041691679279566045,0.2682302435080955,0.6591118612817378
null,-0.8,0.0,two_head_pro,2000,0.0285,0.0037207358143249033,0.017122204337080765,0.001699884569605308,0.07790696614408248,-0.005899063882756298,0.001201068507046848,0.963,0.004220841148396847,57.290251761909545,0.3224762529755164,0.6373769489760198,0.004289193769641877,0.7750327720076636,0.4229212525740254,0.5770787474259746,0.4860557768924303,0.004162935724820176,0.26467215818552653,0.6745476383929934
null,-0.8,0.0,two_head_pro_sam,2000,0.0285,0.0037207358143249033,0.014916745752835069,0.0017936509484884357,0.08156996732962837,-0.0036936052985106073,0.0013278928261697624,0.959,0.00443390347211123,55.785346773113574,0.34435116819304606,0.6373769489760198,0.004289193769641877,0.7750327720076636,0.4229212525740254,0.5770787474259746,0.4860557768924303,0.004162935724820176,0.26467215818552653,0.6745476383929934
null,-0.8,0.0,two_head_pro_fixdisc,2000,0.0255,0.003524893615415932,0.011489932895121594,0.001744881364683154,0.0788555381732613,-0.000266792440797131,0.0012594610916909124,0.9645,0.0041376170678302255,22.868436115469006,0.15677989066454368,0.6022464621943527,0.004383351466865456,0.6976908339215488,0.47567989774905917,0.5243201022509408,0.48374466895056983,0.004208313293454373,0.23239516634893784,0.6397754330518053
null,-0.8,0.0,selective_pro,2000,0.01,0.0022248595461286987,0.014812516171134923,0.001240115389515828,0.057390287573498074,-0.0035893757168104596,0.00035073612129040495,0.9835,0.002848486440199423,5.737779287183318e-14,1.4178576575888784e-15,0.6357328954924384,0.004082864284067485,0.7977210850055461,0.43875594688631686,0.5612440531136831,0.5002213088839709,0.004181574074214012,0.29340885113507087,0.6644070414195666
null,-0.8,0.0,selective_pro_sam,2000,0.01,0.0022248595461286987,0.014812516171134922,0.001240115389515828,0.057390287573498074,-0.0035893757168104605,0.0003507361212904049,0.9835,0.002848486440199423,4.456849309916451e-14,1.1266210707111232e-15,0.6357328954924384,0.004082864284067485,0.7977210850055461,0.43875594688631686,0.5612440531136831,0.5002213088839709,0.004181574074214012,0.29340885113507087,0.6644070414195666
null,-0.8,0.0,robust_map_w0.5,2000,0.0165,0.0028484864401994267,0.0005744811231315163,0.0018218027536733164,0.081455150910614,0.010648659331192946,0.0013540142780783897,0.9685,0.0039056209493497944,9.750639884198415,0.1204286266100412,0.5,0.0,1.0,0.0,1.0,0.41320833333333334,0.0,nan,0.5
null,-0.8,0.0,power_prior,2000,0.093,0.0064942667022536114,0.037889758733395465,0.0013544206493832556,0.07143325522843658,-0.026666618279071,0.0006402143578162014,0.8995,0.006723085229267885,229.8675,0.8802319359154737,0.5,0.0,1.0,0.0,1.0,0.41320833333333334,0.0,nan,0.5
null,-0.8,0.0,uip_dirichlet,2000,0.031,0.003875499967746097,0.02059106087108718,0.0016986214328346492,0.07868758489873232,-0.009367920416762715,0.0011900886280962325,0.961,0.004328914413568374,13.999893433313826,0.14014429778563245,0.49729556286719767,0.0017443291289444436,0.9969748916002823,0.0028403039125186394,0.9971596960874813,0.4131633932302549,0.0004484532488724817,0.08933821637137133,0.496990517466663
null,-0.8,0.0,uip_js,2000,0.053,0.005009540897128199,0.010336558789157617,0.00209579425884447,0.09427173088915462,0.0008865816651668456,0.0017030401863292843,0.9225,0.005978869040211535,9.440541816770391,0.056386128654857114,0.6192617047275509,0.005420096269554329,0.3389129777150348,0.7623375701200028,0.2376624298799972,0.5010435301132976,0.0035867932076857857,0.19780124388474585,0.6696255674037648
null,-0.8,0.0,pooling,2000,0.1355,0.007653095778833557,0.04187809009774815,0.0013623417069936082,0.07391798366119719,-0.03065494964342369,0.0006589818287946725,0.8535,0.007906887820122402,766.225,2.9341064530515792,0.5,0.0,1.0,0.0,1.0,0.41320833333333334,0.0,nan,0.5
null,-1.2,0.0,internal_only,2000,0.0135,0.0025804796065847916,-0.01469992401286231,0.0021121144086661773,0.09557029501523569,0.02814808512430684,0.0017257138482866016,0.961,0.004328914413568374,0.0,0.0,0.5,0.0,0.0,1.0,0.0,nan,0.0,nan,0.5
null,-1.2,0.0,eb_only,2000,0.0185,0.003013117156700018,0.017094294560192142,0.0012427266545019502,0.058132689707186484,-0.0036461334487476126,0.0003406407089031019,0.9755,0.0034568591235397466,0.0,0.0,0.5,0.0,0.0,1.0,0.0,nan,0.0,nan,0.5
null,-1.2,0.0,rule,2000,0.021,0.0032061659345704488,0.010621602095031246,0.0018208029205617443,0.08209841447215654,0.0028265590164132837,0.0013539589721634528,0.9675,0.00396508196636589,18.90641510003858,0.09552577035512431,0.6340913403835912,0.004243786426479149,0.825859178541492,0.387174875484228,0.612825124515772,0.4708201421659399,0.004051331632505695,0.2784387436242581,0.6657875035869892
null,-1.2,0.0,two_head,2000,0.0275,0.0036567574434189644,0.017201891354352534,0.0017743767101171197,0.08117624081139535,-0.003753730242908002,0.0012910477532889293,0.9615,0.004302194207610808,61.42145973998635,0.3887108492163918,0.6336224130869224,0.004281607493501704,0.7780804694048616,0.433245711123409,0.5667542888765911,0.47544657148344965,0.0041213592619835865,0.2802430788792187,0.6714438116078232
null,-1.2,0.0,two_head_pro,2000,0.031,0.003875499967746097,0.020318248300027122,0.0017569043642616663,0.08113673885090386,-0.006870087188582592,0.0012717865686472203,0.96,0.004381780460041331,56.65298830125216,0.3266191442574002,0.6351370316959326,0.004549686111277609,0.7810142497904442,0.4247371333702269,0.5752628666297731,0.4726696258719087,0.004111205792428767,0.2566550220143465,0.6726423871839075
null,-1.2,0.0,two_head_pro_sam,2000,0.031,0.003875499967746097,0.01723919299085916,0.0018683884348146503,0.08529624602719053,-0.003791031879414627,0.001418783277267408,0.9525,0.00475624589355933,54.56795356037902,0.3537557575166881,0.6351370316959326,0.004549686111277609,0.7810142497904442,0.4247371333702269,0.5752628666297731,0.4726696258719087,0.004111205792428767,0.2566550220143465,0.6726423871839075
null,-1.2,0.0,two_head_pro_fixdisc,2000,0.0245,0.003456859123539749,0.015567260148007342,0.0017884915339562424,0.08146499138043906,-0.002119099036562813,0.001315709930770738,0.9655,0.00408103847078167,22.593189493808953,0.16114413583558085,0.599491436680032,0.0046608323190467675,0.7086127409891031,0.47053126729385725,0.5294687327061427,0.46909898037039605,0.00415135939784496,0.22352482449313082,0.637059108786718
null,-1.2,0.0,selective_pro,2000,0.0185,0.003013117156700018,0.017094294560192142,0.0012427266545019507,0.0581326897071865,-0.0036461334487476126,0.0003406407089031029,0.9755,0.0034568591235397466,5.99335267339064e-14,1.79229548452323e-15,0.6417933726286881,0.0042309211502223115,0.8113998323554066,0.44258439402324296,0.557415605976757,0.49006454879129224,0.00413107937912477,0.29980426754844114,0.6715904920166712
null,-1.2,0.0,selective_pro_sam,2000,0.0185,0.003013117156700018,0.017094294560192146,0.0012427266545019507,0.0581326897071865,-0.003646133448747613,0.0003406407089031029,0.9755,0.0034568591235397466,4.40640726619389e-14,1.3557166335499384e-15,0.6417933726286881,0.0042309211502223115,0.8113998323554066,0.44258439402324296,0.557415605976757,0.49006454879129224,0.00413107937912477,0.29980426754844114,0.6715904920166712
null,-1.2,0.0,robust_map_w0.5,2000,0.015,0.0027179955849853765,0.0034360754341695126,0.0018480842714231093,0.0826995897660804,0.010012085677275018,0.001393408640452648,0.9705,0.0037835003634200943,7.666134161500983,0.0829917699078298,0.5,0.0,1.0,0.0,1.0,0.39766666666666667,0.0,nan,0.5
null,-1.2,0.0,power_prior,2000,0.15,0.007984359711335657,0.052771550155456766,0.001370726168510149,0.08087482966694817,-0.039323389044012245,0.0006706835063624014,0.846,0.008071059410015517,228.147,0.8971981875783616,0.5,0.0,1.0,0.0,1.0,0.39766666666666667,0.0,nan,0.5
null,-1.2,0.0,uip_dirichlet,2000,0.035,0.004109440351191388,0.02948137468937572,0.001657091658687146,0.07973901824948126,-0.016033213577931197,0.0011323247657407667,0.9585,0.004459694496263168,16.702098155683228,0.17256262715478282,0.49954857355176585,0.0015738936928932133,0.9979044425817267,0.002075262866629773,0.9979247371333703,0.3976617954070981,0.0003784960765050626,0.0933735169899372,0.5000641887056839
null,-1.2,0.0,uip_js,2000,0.066,0.005551756478809206,0.013069049958060271,0.0020885130670035,0.09428791991588299,0.00037911115338426016,0.0016956334836839037,0.9135,0.006285608562422576,9.422546265093661,0.05802604156868849,0.6921961488107582,0.005543229052944496,0.3817057837384744,0.80112064194798,0.19887935805201995,0.5589137772322799,0.003319859818793348,0.3101284394215822,0.7363276835084411
null,-1.2,0.0,pooling,2000,0.2105,0.009115639034099584,0.05772767981944321,0.0013816490654891002,0.08454870988684447,-0.044279518707998684,0.0006989378126423906,0.7845,0.009194012997597948,760.49,2.9906606252612056,0.5,0.0,1.0,0.0,1.0,0.39766666666666667,0.0,nan,0.5
null,0.0,0.0,internal_only,2000,0.016,0.0028057084666800293,-0.01876843719352266,0.0021451795990384635,0.09773046333378717,0.028750609170527405,0.0018038726961620705,0.954,0.0046842288586276416,0.0,0.0,0.5,0.0,0.0,1.0,0.0,nan,0.0,nan,0.5
null,0.0,0.0,eb_only,2000,0.018,0.0029728773940409987,0.013400290989060992,0.0012281495616762053,0.056522226946012784,-0.0034181190120562404,0.0003575440474449261,0.977,0.0033519397369284566,0.0,0.0,0.5,0.0,0.0,1.0,0.0,nan,0.0,nan,0.5
null,0.0,0.0,rule,2000,0.0095,0.002169072382379159,-0.007499410417411163,0.0017213377720350222,0.07732584046586452,0.017481582394415912,0.0012650994122122723,0.975,0.003491060010942237,18.948660696444666,0.09413655116308102,0.49856806970767836,0.005215379089287141,0.6982681002065568,0.29126782574721627,0.7087321742527837,0.7842017606471567,0.00635030766108607,0.184289938466011,0.6503419347090433
null,0.0,0.0,two_head,2000,0.01,0.0022248595461286987,-0.002750956516411982,0.0015897867016440685,0.07113286057404916,0.012733128493416733,0.0010799204352612973,0.977,0.0033519397369284566,61.57046426262219,0.38340681078565014,0.49865674065832716,0.005166896604159575,0.6513426195646417,0.33991013869896464,0.6600898613010353,0.7844613127511642,0.006620503594664479,0.21362843358401443,0.6712773288136293
null,0.0,0.0,two_head_pro,2000,0.01,0.0022248595461286987,-0.0028925900776775953,0.0015719495946886835,0.0703416456184604,0.012874762054682347,0.001049373910784734,0.977,0.0033519397369284566,57.50666291083613,0.3333201309853746,0.5348335283025922,0.005109938205614359,0.6549970870186961,0.36862668489939443,0.6313733151006056,0.7928072312327713,0.006742856726582379,0.18188952150971965,0.7012538990190506
null,0.0,0.0,two_head_pro_sam,2000,0.0105,0.002279226842593778,-0.003692783151704527,0.0016292971063028366,0.07293970221736924,0.013674955128709278,0.001139919284982201,0.9745,0.00352489361541593,56.7495689081251,0.34473729308572787,0.5348335283025922,0.005109938205614359,0.6549970870186961,0.36862668489939443,0.6313733151006056,0.7928072312327713,0.006742856726582379,0.18188952150971965,0.7012538990190506
null,0.0,0.0,two_head_pro_fixdisc,2000,0.0095,0.002169072382379159,-0.006870251826494523,0.001660338860383944,0.07455128367526785,0.01685242380349927,0.0011772204946506881,0.974,0.0035583704135460676,22.97071176468501,0.1652434351726705,0.5357798096296245,0.005004956393997322,0.6006037815793654,0.4446180894705997,0.5553819105294002,0.7995487555524219,0.006945393629711546,0.25905658977647533,0.7003502094963584
null,0.0,0.0,selective_pro,2000,0.018,0.0029728773940409987,0.013400290989060972,0.0012281495616762053,0.05652222694601279,-0.0034181190120562218,0.0003575440474449268,0.977,0.0033519397369284566,6.010435156159475e-14,1.5769430763500701e-15,0.4973313360112672,0.00519823611260363,0.658333774694137,0.3289705020511819,0.671029497948818,0.7834856602584305,0.0065668443102031284,0.21609247218315236,0.6482549726157681
null,0.0,0.0,selective_pro_sam,2000,0.018,0.0029728773940409987,0.013400290989060974,0.0012281495616762053,0.05652222694601279,-0.0034181190120562218,0.0003575440474449267,0.977,0.0033519397369284566,5.1073064505113495e-14,1.3436432272277677e-15,0.4973313360112672,0.00519823611260363,0.658333774694137,0.3289705020511819,0.671029497948818,0.7834856602584305,0.0065668443102031284,0.21609247218315236,0.6482549726157681
null,0.0,0.0,robust_map_w0.5,2000,0.0075,0.0019292161620720473,-0.014557055964216017,0.0017383438981049607,0.07907316267226662,0.024539227941220768,0.0012895583741966837,0.971,0.0037522659820433853,13.70486684317006,0.170788581142921,0.5,0.0,1.0,0.0,1.0,0.7867083333333333,0.0,nan,0.5
null,0.0,0.0,power_prior,2000,0.015,0.0027179955849853765,-0.01006320750822693,0.0013219557444901495,0.059955438111519585,0.020045379485231676,0.0005796962240772973,0.946,0.005053909377897473,228.29384999999996,0.8818565921471057,0.5,0.0,1.0,0.0,1.0,0.7867083333333333,0.0,nan,0.5
null,0.0,0.0,uip_dirichlet,2000,0.014,0.002627165773224065,-0.0004006905660427737,0.0017509403714650457,0.07828588078062093,0.010382862543047527,0.001303610901287168,0.973,0.0036242930345103184,10.719932390030444,0.08034638672153457,0.5007318095779889,0.0021834092794405123,0.9978285048461416,0.0027349091619456923,0.9972650908380543,0.7868030904155356,0.0007299350140897659,0.34621956507688867,0.49961457179418045
null,0.0,0.0,uip_js,2000,0.0435,0.004561126505590478,0.0031699744162736448,0.0020920626128709202,0.09359019160236966,0.006812197560731106,0.0017415791962643798,0.93,0.005705260730238364,9.024879420859921,0.053446325563797484,0.5624898159403712,0.005732204743318701,0.3124834489698639,0.7288532916585271,0.2711467083414729,0.8095499451152579,0.006213405009830455,0.10293820526062886,0.6302407416517264
null,0.0,0.0,pooling,2000,0.0195,0.0030919047527373806,-0.009439765674745993,0.0013326661930695425,0.06032687246255102,0.01942193765175074,0.000597138127544692,0.9305,0.005686376262612245,760.9795,2.939521973823685,0.5,0.0,1.0,0.0,1.0,0.7867083333333333,0.0,nan,0.5
null,0.4,0.0,internal_only,2000,0.0215,0.003243281517229116,-0.016413398949415035,0.002173786264129094,0.09856656513536012,0.02731938987434916,0.0017770110943510983,0.9475,0.004987171041783106,0.0,0.0,0.5,0.0,0.0,1.0,0.0,nan,0.0,nan,0.5
null,0.4,0.0,eb_only,2000,0.0195,0.0030919047527373806,0.014619436615438857,0.0012877897437416352,0.059404329578752434,-0.0037134456905047334,0.0003539127326681186,0.974,0.0035583704135460676,0.0,0.0,0.5,0.0,0.0,1.0,0.0,nan,0.0,nan,0.5
null,0.4,0.0,rule,2000,0.012,0.002434748446965312,-0.013168970267529343,0.0018013361079046314,0.08160760083114467,0.02407496119246346,0.0012975989222279282,0.9665,0.004023540107914917,18.946157082986666,0.09256108305179314,0.5899823671756513,0.004038888173393521,0.7584555522298713,0.3724144415193682,0.6275855584806318,0.6029385521384808,0.004687708127681728,0.2416508553718753,0.6727582867364117
null,0.4,0.0,two_head,2000,0.01,0.0022248595461286987,-0.011244469589131707,0.0016921896768136004,0.07648912599231102,0.022150460514065832,0.0011472814925969708,0.971,0.0037522659820433853,61.639598839609114,0.3813798765423353,0.5844489592379161,0.003928949191247176,0.7131098473510925,0.4190485144791275,0.5809514855208725,0.606658603348399,0.00478423960208263,0.24705719857585762,0.6820895773208273
null,0.4,0.0,two_head_pro,2000,0.0085,0.0020527725154044713,-0.012665236850327237,0.0016681836181680783,0.07565248545645838,0.023571227775261362,0.001113638305370326,0.9715,0.003720735814324901,57.29647557659799,0.3359600735987763,0.6116034260215726,0.004112484320783962,0.7260550733313379,0.4304249717939075,0.5695750282060925,0.6156335257915106,0.0048010368091143596,0.24606865627885693,0.705946862974988
null,0.4,0.0,two_head_pro_sam,2000,0.0115,0.0023840878758971955,-0.012404052048396988,0.0017158925476939064,0.07771416016690318,0.023310042973331106,0.0011877370905649014,0.966,0.004052406692324946,56.43619271213956,0.35136508294372615,0.6116034260215726,0.004112484320783962,0.7260550733313379,0.4304249717939075,0.5695750282060925,0.6156335257915106,0.0048010368091143596,0.24606865627885693,0.705946862974988
null,0.4,0.0,two_head_pro_fixdisc,2000,0.0105,0.002279226842593778,-0.014826138323554868,0.0017436476715631572,0.07935608656859204,0.025732129248488996,0.0012207693965512823,0.9685,0.0039056209493497944,22.882711908707286,0.16162806675577296,0.5912574801409844,0.004165998688594914,0.6643220592636935,0.48439262880782247,0.5156073711921776,0.618159030775658,0.0048458409679221215,0.25590078900014174,0.6856879704785954
null,0.4,0.0,selective_pro,2000,0.0195,0.0030919047527373806,0.014619436615438824,0.0012877897437416355,0.05940432957875245,-0.003713445690504701,0.00035391273266811976,0.974,0.0035583704135460676,5.913393280543568e-14,1.5953816246081136e-15,0.5938411568398436,0.003992216383995258,0.7285243938940437,0.4256299360661903,0.5743700639338096,0.6144525086778163,0.004794273622810073,0.2652644438619031,0.6754795815295815
null,0.4,0.0,selective_pro_sam,2000,0.0195,0.0030919047527373806,0.014619436615438826,0.0012877897437416355,0.05940432957875245,-0.0037134456905047026,0.00035391273266811976,0.974,0.0035583704135460676,4.843190140587244e-14,1.4155606477335785e-15,0.5938411568398436,0.003992216383995258,0.7285243938940437,0.4256299360661903,0.5743700639338096,0.6144525086778163,0.004794273622810073,0.2652644438619031,0.6754795815295815
null,0.4,0.0,robust_map_w0.5,2000,0.009,0.002111752826445368,-0.02215240338896138,0.0018194515255038229,0.0843102975879577,0.033058394313895505,0.0013322930672381593,0.9615,0.004302194207610808,12.144375157202122,0.146570094547231,0.5,0.0,1.0,0.0,1.0,0.5568333333333333,0.0,nan,0.5
null,0.4,0.0,power_prior,2000,0.0035,0.0013205585939290994,-0.03967779689216736,0.0013991923520980075,0.0740800128463611,0.05058378781710149,0.000646141900044043,0.887,0.007079230184137255,227.96865,0.8681094995104709,0.5,0.0,1.0,0.0,1.0,0.5568333333333333,0.0,nan,0.5
null,0.4,0.0,uip_dirichlet,2000,0.016,0.0028057084666800293,-0.009858868814476906,0.0018280805767029835,0.08232625708450234,0.02076485973941103,0.0013325927415316027,0.9645,0.0041376170678302255,10.462093447893755,0.07149814552341212,0.5003432173939303,0.0015255376883043848,0.9978299910206525,0.0025385483264385106,0.9974614516735615,0.5569244904777815,0.0004879233630799696,0.183938282695689,0.5018683110870611
null,0.4,0.0,uip_js,2000,0.04,0.004381780460041329,0.00236828625624312,0.0021331345306004404,0.09540222412578123,0.008537704668691002,0.0017297551054345887,0.927,0.005816829033072915,9.057460152781665,0.053414343571181404,0.6026963968997486,0.005181415616084617,0.32662376533971865,0.7553591575780368,0.24464084242196316,0.6265250466484857,0.0041682337604261755,0.1783023075330911,0.6487723672739298
null,0.4,0.0,pooling,2000,0.0055,0.0016537457482938543,-0.041489908159279,0.001407392345883165,0.0753719984898317,0.05239589908421312,0.0006645769679645232,0.852,0.007940277073251286,759.8955,2.893698331701569,0.5,0.0,1.0,0.0,1.0,0.5568333333333333,0.0,nan,0.5
null,0.8,0.0,internal_only,2000,0.014,0.002627165773224065,-0.013773728993935535,0.002092882418227166,0.0945814415550463,0.026008513919567676,0.0017245376273852559,0.9595,0.004407933189148855,0.0,0.0,0.5,0.0,0.0,1.0,0.0,nan,0.0,nan,0.5
null,0.8,0.0,eb_only,2000,0.014,0.002627165773224065,0.016179428456123277,0.001229403729527513,0.05729859973846614,-0.003944643530491137,0.000348184891328017,0.98,0.003130495168499707,0.0,0.0,0.5,0.0,0.0,1.0,0.0,nan,0.0,nan,0.5
null,0.8,0.0,rule,2000,0.007,0.0018642692938521516,-0.016673377005166468,0.0017972701225803871,0.08206784454281185,0.028908161930798607,0.0013534813913038855,0.974,0.0035583704135460676,18.968696779018494,0.09634911441561989,0.6385263246953062,0.004069659828120323,0.8285277636271013,0.38787451533309836,0.6121254846669016,0.48361581920903957,0.004091204452600649,0.2849674861117235,0.7074856627525344
null,0.8,0.0,two_head,2000,0.006,0.0017268468374467957,-0.016069177496973598,0.0017282811293709145,0.07892491896762588,0.028303962422605737,0.0012644421851049012,0.972,0.0036889022757454573,61.64017250423026,0.39089881738958115,0.6393346561749339,0.004050482141549783,0.7787060621497708,0.43454353189989425,0.5654564681001057,0.4879341164453524,0.004161995084887888,0.2900520926384002,0.7213749393017457
null,0.8,0.0,two_head_pro,2000,0.005,0.0015771810295587506,-0.01879145541223039,0.0017169503736912694,0.07903169015882998,0.031026240337862533,0.0012451433597087743,0.972,0.0036889022757454573,56.998391980716164,0.3342249733184464,0.6511657385499978,0.004338003840706504,0.8003056546102904,0.4370814240394783,0.5629185759605217,0.49589646464646464,0.004164753432384992,0.2844721861293867,0.7262734701928129
null,0.8,0.0,two_head_pro_sam,2000,0.0085,0.0020527725154044713,-0.018003414166319693,0.0017476484538423214,0.08018490433342637,0.03023819909195183,0.001285792538671277,0.968,0.003935479640399632,56.08326284023468,0.3489880738121475,0.6511657385499978,0.004338003840706504,0.8003056546102904,0.4370814240394783,0.5629185759605217,0.49589646464646464,0.004164753432384992,0.2844721861293867,0.7262734701928129
null,0.8,0.0,two_head_pro_fixdisc,2000,0.006,0.0017268468374467957,-0.020398217777269367,0.0017637270062605187,0.08145208690243412,0.03263300270290151,0.0013106573660210579,0.9705,0.0037835003634200943,22.769592814254125,0.16316155525424186,0.6182994525008414,0.004411308916569587,0.7311258278145696,0.48198801550934084,0.5180119844906592,0.49407876618011565,0.004195399803905173,0.2568332600016311,0.6914164183528835
null,0.8,0.0,selective_pro,2000,0.014,0.002627165773224065,0.016179428456123236,0.0012294037295275133,0.05729859973846615,-0.003944643530491097,0.0003481848913280185,0.98,0.003130495168499707,6.147834733995457e-14,1.789526681475139e-15,0.6468240449143227,0.004035043817570096,0.8132450331125828,0.4430031723651745,0.5569968276348255,0.5025498961153434,0.0041707591273342825,0.3089384733613214,0.7150198637450894
null,0.8,0.0,selective_pro_sam,2000,0.014,0.002627165773224065,0.01617942845612324,0.0012294037295275133,0.05729859973846615,-0.003944643530491101,0.0003481848913280185,0.98,0.003130495168499707,4.4513297234679554e-14,1.4446801393092326e-15,0.6468240449143227,0.004035043817570096,0.8132450331125828,0.4430031723651745,0.5569968276348255,0.5025498961153434,0.0041707591273342825,0.3089384733613214,0.7150198637450894
null,0.8,0.0,robust_map_w0.5,2000,0.0055,0.0016537457482938543,-0.027970891619728995,0.0018483406661287621,0.08724494742341928,0.040205676545361134,0.00141999261612916,0.964,0.0041655731898503495,8.27490445213394,0.0875830505134006,0.5,0.0,1.0,0.0,1.0,0.4089583333333333,0.0,nan,0.5
null,0.8,0.0,power_prior,2000,0.0,0.0,-0.07728603352483882,0.0014566155724211076,0.10106664682631968,0.08952081845047094,0.0008238426566317762,0.7465,0.009727223396221554,229.36425,0.8790907739039987,0.5,0.0,1.0,0.0,1.0,0.4089583333333333,0.0,nan,0.5
null,0.8,0.0,uip_dirichlet,2000,0.005,0.0015771810295587506,-0.02196723509632422,0.0017898825006470306,0.08298623060879431,0.03420202002195636,0.0013337499539894534,0.9675,0.00396508196636589,10.831376028247805,0.07335852859142052,0.5009170862180121,0.0016478690099159521,0.9986754966887417,0.0023968981318293974,0.9976031018681706,0.4092180520185363,0.000410571702751309,0.10759860134724107,0.49956239107800826
null,0.8,0.0,uip_js,2000,0.0295,0.003783500363420096,0.0020335659937504003,0.0020574076544908402,0.09200953742905776,0.010201218931881738,0.0016845871161414272,0.9355,0.005492711079239468,9.221797244068608,0.05514853096771115,0.7016724351215091,0.005269008329812804,0.39490575649516046,0.799577017976736,0.20042298202326403,0.5768715582675994,0.0033611604226349862,0.3223836917072708,0.7325489713033617
null,0.8,0.0,pooling,2000,0.0005,0.0004998749843710925,-0.0820459915017862,0.0014809561954223977,0.10543156071963641,0.09428077642741832,0.0008636128321971502,0.6785,0.010443604502277937,764.5475,2.9303025796799953,0.5,0.0,1.0,0.0,1.0,0.4089583333333333,0.0,nan,0.5
