scenario,method,n_replicates,bias,bias_mcse,empirical_se,rmse,rmse_mcse,coverage95,coverage95_mcse,interval_width,interval_width_mcse,reject_rate,reject_rate_mcse,calibration_rate,calibration_rate_mcse,type1,type1_mcse,power,power_mcse,oracle_spearman,oracle_spearman_mcse,oracle_kl,oracle_kl_mcse,ess_d000_005,ess_d005_010,ess_d010_020,ess_d020_plus,prior_ess,prior_ess_mcse,hist_mass,hist_mass_mcse,mean_nll,mean_nll_mcse,roc_auc,roc_auc_mcse,pr_auc,pr_auc_mcse,sensitivity,specificity,fpr,ppv,npv,f1,sensitivity_mcse,specificity_mcse,fpr_mcse,ppv_mcse
S1_exchangeable,weak_only,2000,0.009776317079231168,0.0016086279004454821,0.07194002671797725,0.07258344257538944,0.0013011255578051163,0.9515,0.004803527349771207,0.26956059524405507,0.0014370455774034658,nan,nan,0.0325,0.003965081966365891,0.0325,0.003965081966365891,0.689,0.010350821223458553,nan,nan,nan,nan,nan,nan,nan,nan,0.0,0.0,0.0,0.0,3.481949818813463,0.0051493396873934175,0.5,0.0,0.551996286240333,0.005429192582056975,0.0,1.0,0.0,nan,0.57,nan,0.0,0.0,0.0,nan
S1_exchangeable,rule,2000,0.005785523589514016,0.0013873547131880944,0.06204438895186607,0.06229810374734578,0.0012061893595824488,0.962,0.004275277768753747,0.24902965844806008,0.0013764652719453166,nan,nan,0.024,0.00342227994179319,0.024,0.00342227994179319,0.7375,0.009838540288071193,0.2902471686513998,0.0077572475993633126,1.7552693205757721,0.056243843134430954,nan,nan,nan,nan,13.164912984631023,0.060401137095457885,0.8000000000000003,5.5146171449543824e-18,2.888616611827451,0.010408568864933227,0.6365344084094084,0.004987519274534043,0.6311478494543761,0.005788573079372041,0.8527131782945736,0.28055555555555556,0.7194444444444444,0.47205235489754316,0.7163120567375887,0.6076928388923416,0.003488539012758884,0.0038411831887654323,0.0038411831887654323,0.003656320529737509
S1_exchangeable,rule_sam,2000,0.0060317788115792975,0.0013942897232480744,0.06235453203024127,0.06263007246131723,0.0012171737117761237,0.961,0.004328914413568374,0.24893455857321653,0.001373870900808164,nan,nan,0.0245,0.003456859123539749,0.0245,0.003456859123539749,0.736,0.009856571412007322,0.2902471686513998,0.0077572475993633126,1.7552693205757721,0.056243843134430954,nan,nan,nan,nan,12.818187585407843,0.06780214379571804,0.778724897526405,0.0019738496833273836,2.8728344471388483,0.009580065251572326,0.6365344084094084,0.004987519274534043,0.6311478494543761,0.005788573079372041,0.8527131782945736,0.28055555555555556,0.7194444444444444,0.47205235489754316,0.7163120567375887,0.6076928388923416,0.003488539012758884,0.0038411831887654323,0.0038411831887654323,0.003656320529737509
S1_exchangeable,two_head,2000,0.003926929588295212,0.001287835156792417,0.05759373908803889,0.057713092437864176,0.0012002742587433524,0.967,0.003994433626936366,0.23596155919899878,0.0014193900833163794,nan,nan,0.0185,0.003013117156700018,0.0185,0.003013117156700018,0.766,0.00946688966873492,0.23206209943813977,0.007111412238988731,1.864655666931517,0.056114384367767334,43.67139491071136,43.944814675170484,44.12135515875655,43.843366145777395,36.27421398164557,0.18450055572313523,0.8000000000000003,5.613523292942793e-18,2.8029523040728974,0.012441686829123739,0.6580730783855784,0.004793352477622915,0.6418844471476081,0.005838453052080251,0.7585271317829457,0.4473684210526316,0.5526315789473684,0.5087080842214713,0.7106363214119833,0.6089933094756497,0.004212887689841421,0.004251160117698342,0.004251160117698343,0.004030074177104611
S1_exchangeable,two_head_pro,2000,0.004007493750503,0.0012820605000639857,0.05733548858820891,0.05746107011432288,0.0011869980797051143,0.967,0.003994433626936366,0.23603476107634544,0.0014183379489981615,nan,nan,0.0195,0.0030919047527373806,0.0195,0.0030919047527373806,0.767,0.009452803816857726,0.24113368733813062,0.0070923049888232375,1.8693347338967692,0.05621788154075845,34.85784427482263,31.317484785409366,24.215272231069605,20.31992571841952,31.964112308460546,0.1772359777174,0.8000000000000003,5.4722449517669824e-18,2.805102939493132,0.012943234553624821,0.673931562994063,0.004809276115658974,0.6518052812467273,0.006033174677418802,0.7670542635658915,0.4608918128654971,0.5391081871345029,0.5176901445294618,0.723963715696406,0.6181718792706259,0.004161027427807816,0.00426181321488703,0.00426181321488703,0.0040409183255025296
S1_exchangeable,two_head_pro_sam,2000,0.0043023352922379405,0.0013096127662462751,0.05856766339056427,0.058710869508122286,0.0012439827371291585,0.965,0.00410944035119139,0.23579888836045057,0.001406064891211211,nan,nan,0.021,0.0032061659345704488,0.021,0.0032061659345704488,0.768,0.009438643970401681,0.24113368733813062,0.0070923049888232375,1.8693347338967692,0.05621788154075845,nan,nan,nan,nan,30.432344189114694,0.2042650660081414,0.7625547862636238,0.002828724312637714,2.7701092489170795,0.011224550288896424,0.673931562994063,0.004809276115658974,0.6518052812467273,0.006033174677418802,0.7670542635658915,0.4608918128654971,0.5391081871345029,0.5176901445294618,0.723963715696406,0.6181718792706259,0.004161027427807816,0.00426181321488703,0.00426181321488703,0.0040409183255025296
S1_exchangeable,two_head_pro_fixdisc,2000,0.00567065966607663,0.0013641171319171198,0.061005172724774556,0.061252972700747,0.001187488146368019,0.9635,0.004193313129257102,0.24672536345431792,0.0013643906666349975,nan,nan,0.0235,0.0033873108803297047,0.0235,0.0033873108803297047,0.745,0.009746153087244218,0.2738857733211247,0.007192090748674561,1.8228163047560575,0.05641519037477267,15.286046511627898,15.382470906068159,15.445410764872506,15.348726114649699,13.238140824569616,0.07139616148985233,0.8000000000000003,5.547781787082742e-18,2.858733707660949,0.011223393886857128,0.6737071862071863,0.004760626492301954,0.6517871887617924,0.006016404230553823,0.7624031007751938,0.4708333333333333,0.5291666666666667,0.520818163765142,0.7242775216462386,0.6188697054312345,0.004189602910634242,0.004267630318427644,0.004267630318427644,0.004064471850846317
S1_exchangeable,robust_map_w0.5,2000,0.009833355864221066,0.001474817745151424,0.06595585465163091,0.06666854252942733,0.0012240313352532446,0.95,0.004873397172404485,0.2562897831038798,0.0013411935699142326,nan,nan,0.0345,0.004081038470781672,0.0345,0.004081038470781672,0.728,0.009950276378071114,nan,nan,1.0811417391939366,0.01371701840425288,nan,nan,nan,nan,5.523609390303632,0.10349942677658086,0.5,0.0,3.090924669892603,0.008832484724481497,0.5,0.0,0.551996286240333,0.005429192582056975,1.0,0.0,1.0,0.43,nan,0.6013986013986015,0.0,0.0,0.0,0.003195700236254959
S1_exchangeable,robust_map_w0.9,2000,0.009471165486185634,0.001427929335739086,0.06385894123557433,0.06454167931815367,0.0011909577811341256,0.947,0.005009540897128201,0.24653891764705885,0.0012621268868614594,nan,nan,0.035,0.004109440351191388,0.035,0.004109440351191388,0.7445,0.009752429184567299,nan,nan,1.0811417391939366,0.01371701840425288,nan,nan,nan,nan,9.942496902546536,0.18629896819784555,0.9000000000000002,4.9663100392403566e-18,2.906117715504301,0.012882797049157258,0.5,0.0,0.551996286240333,0.005429192582056975,1.0,0.0,1.0,0.43,nan,0.6013986013986015,0.0,0.0,0.0,0.003195700236254959
S1_exchangeable,power_prior,2000,0.008810714182024105,0.002524226548366585,0.1128868430551469,0.11320201544004069,0.002354213005993578,0.486,0.011175956334918278,0.12253368610763454,0.000462211686284115,nan,nan,0.334,0.010546184144039966,0.334,0.010546184144039966,0.8525,0.007929178709046731,nan,nan,1.0811417391939366,0.01371701840425288,nan,nan,nan,nan,157.81125,0.6064063848365511,1.0,0.0,3.3914912157420174,0.05414479280337657,0.5,0.0,0.551996286240333,0.005429192582056975,1.0,0.0,1.0,0.43,nan,0.6013986013986015,0.0,0.0,0.0,0.003195700236254959
S1_exchangeable,uip_dirichlet,2000,0.0064903559463708625,0.0014887312924828768,0.06657808740445668,0.06687712704568617,0.0012443272545246194,0.932,0.005629209535982825,0.23678242127659577,0.0012628140369969386,nan,nan,0.044,0.0045860658521220555,0.044,0.0045860658521220555,0.731,0.009915618992276781,0.19946995845757431,0.006915315622617748,1.039872867005816,0.014100095389513552,nan,nan,nan,nan,21.000075535967095,0.20939118811587523,1.0,0.0,2.9653853593355524,0.021512105730751102,0.5016746079246079,0.0038305077735829077,0.5507545881815543,0.005372748174687302,0.9637596899224806,0.03720760233918129,0.9627923976608187,0.4302461392049141,0.5764439411098528,0.5949098304273709,0.0018396723567353256,0.0016182257960944493,0.0016182257960944497,0.0032563898531676855
S1_exchangeable,uip_js,2000,0.0004365039935814345,0.0015329494497726593,0.06855558351525132,0.06853983245410987,0.0012565534008692244,0.908,0.006462816723379983,0.22010803466833542,0.0013442165510557126,nan,nan,0.0475,0.004756245893559331,0.0475,0.004756245893559331,0.7555,0.00961040451802108,0.3745452050319031,0.006573039923483782,2.242205773943555,0.04531783291353943,nan,nan,nan,nan,14.620952218127156,0.10129463250456594,1.0,0.0,2.413920030855309,0.009563847445388346,0.7523467093779593,0.004522566330455304,0.7222364511446083,0.005289388003822124,0.4051356589147287,0.7795321637426901,0.22046783625730992,0.5809365013199944,0.634648574659287,0.47736484557858083,0.004832472091042351,0.0035444315258751553,0.0035444315258751553,0.005816054913369167
S1_exchangeable,pooling,2000,0.00884312901825166,0.0028389335470708605,0.12696096789710087,0.12723690013717495,0.002658501674969207,0.2705,0.009933019430163217,0.07218518460575718,0.0002778567649250291,nan,nan,0.4745,0.011165790388503629,0.4745,0.011165790388503629,0.87,0.007519973404208289,nan,nan,1.0811417391939366,0.01371701840425288,nan,nan,nan,nan,526.0375,2.0213546161218368,1.0,0.0,3.536469038075565,0.06199682269466154,0.5,0.0,0.551996286240333,0.005429192582056975,1.0,0.0,1.0,0.43,nan,0.6013986013986015,0.0,0.0,0.0,0.003195700236254959
S2_trap_heavy,weak_only,2000,0.008222919519039007,0.0015895383901205278,0.07108631786310161,0.07154267509994888,0.0012492052733502122,0.953,0.004732388403332932,0.26865088986232794,0.0014874899392059646,nan,nan,0.0295,0.003783500363420096,0.0295,0.003783500363420096,0.6735,0.010485650909695592,nan,nan,nan,nan,nan,nan,nan,nan,0.0,0.0,0.0,0.0,3.4932307487095358,0.005096728580404472,0.5,0.0,0.3886791304297218,0.00505494141793208,0.0,1.0,0.0,nan,0.7720416666666666,nan,0.0,0.0,0.0,nan
S2_trap_heavy,rule,2000,0.003729563734258204,0.001512790670983972,0.0676540555209536,0.06773988735203174,0.0011702588303303515,0.9555,0.004610843198374891,0.2588193146433041,0.0014407866327354518,nan,nan,0.0245,0.003456859123539749,0.0245,0.003456859123539749,0.6875,0.010364452469860624,0.11363461642397345,0.007235240423868543,3.9952781514814584,0.11400721989685633,nan,nan,nan,nan,13.071478814487437,0.06214336604578586,0.8000000000000003,5.5674749973676564e-18,3.183574486093247,0.010533742410022029,0.552289145976032,0.0051842132558417315,0.41866232967785727,0.005314596113344107,0.8336684335587644,0.2656376490906147,0.7343623509093853,0.2510457948040511,0.8439643347050755,0.38588772790727194,0.005034434096934201,0.0032446960874461073,0.0032446960874461073,0.0032169961910692223
S2_trap_heavy,rule_sam,2000,0.004275957369123884,0.001521718143496777,0.06805330422907147,0.06817052443548365,0.0012003919833580752,0.9555,0.004610843198374891,0.2582875061326658,0.0014444645423755042,nan,nan,0.025,0.0034910600109422352,0.025,0.0034910600109422352,0.6905,0.010337063170939801,0.11363461642397345,0.007235240423868543,3.9952781514814584,0.11400721989685633,nan,nan,nan,nan,12.319020029340452,0.07572016837130352,0.7535110642338272,0.0028458302153971473,3.1476132594766786,0.00899411660714214,0.552289145976032,0.0051842132558417315,0.41866232967785727,0.005314596113344107,0.8336684335587644,0.2656376490906147,0.7343623509093853,0.2510457948040511,0.8439643347050755,0.38588772790727194,0.005034434096934201,0.0032446960874461073,0.0032446960874461073,0.0032169961910692223
S2_trap_heavy,two_head,2000,0.00273508988471575,0.0014704926330660817,0.06576242975896827,0.06580285355436198,0.0011820383944963575,0.9495,0.0048964145045124596,0.2501495846057572,0.0015170970623377116,nan,nan,0.0275,0.0036567574434189644,0.0275,0.0036567574434189644,0.6975,0.010271167168340705,0.16365622188740603,0.007297162104604456,4.0473657193926265,0.11393410876505915,43.78041043110718,44.40467453426533,43.60643361321387,43.52708140723221,35.766806245776706,0.19199241549780555,0.8000000000000003,5.558330493526344e-18,3.1176002829234073,0.01282462093859574,0.6128144685049707,0.005512522108957113,0.48719327531583845,0.005906610181273866,0.748309267044416,0.3883102164175077,0.6116897835824924,0.26536168006222455,0.8393607092860476,0.39178908081726405,0.005867334078941385,0.003580379248310163,0.0035803792483101626,0.003554684643575224
S2_trap_heavy,two_head_pro,2000,0.00270203523785144,0.001470286802208586,0.06575322472318372,0.06579229295778755,0.0011841117380942292,0.954,0.0046842288586276416,0.2502496897371715,0.0014906191290687254,nan,nan,0.0255,0.003524893615415932,0.0255,0.003524893615415932,0.6965,0.010280752647544827,0.17191939322679475,0.007378092293211875,4.050008737468037,0.11375965095993168,34.16137155972418,31.984384436068815,28.12025275865134,25.092708984392303,30.976634144064644,0.18572352663221592,0.8000000000000002,3.332427342266934e-18,3.110507609049939,0.013232729148373111,0.6200524312185066,0.00556900219538296,0.49723566622598714,0.006126263942594569,0.7559861085724731,0.3979167791030277,0.6020832208969723,0.2704682186764321,0.846692696371153,0.39840100178201615,0.005806719209349122,0.0035958237601071905,0.0035958237601071905,0.003592097232393675
S2_trap_heavy,two_head_pro_sam,2000,0.003331782288030216,0.00148023906066211,0.06619830325181826,0.06626556435251882,0.0012102751830453426,0.9525,0.00475624589355933,0.24918419574468087,0.0014784306790225888,nan,nan,0.028,0.0036889022757454555,0.028,0.0036889022757454555,0.697,0.010275967107771414,0.17191939322679475,0.007378092293211875,4.050008737468037,0.11375965095993168,nan,nan,nan,nan,28.422761779953856,0.2190438884146806,0.7352697699122459,0.0035552378513739025,3.0505984125106034,0.010822427794029258,0.6200524312185066,0.00556900219538296,0.49723566622598714,0.006126263942594569,0.7559861085724731,0.3979167791030277,0.6020832208969723,0.2704682186764321,0.846692696371153,0.39840100178201615,0.005806719209349122,0.0035958237601071905,0.0035958237601071905,0.003592097232393675
S2_trap_heavy,two_head_pro_fixdisc,2000,0.0038962429053702374,0.0014980047077940888,0.06699280714484583,0.0670892905001952,0.0011733921260474824,0.9545,0.004659922209651143,0.25654817947434294,0.0014245222225364883,nan,nan,0.026,0.003558370413546066,0.026,0.003558370413546066,0.6905,0.010337063170939801,0.17773311567630484,0.007417189930528531,4.02111699694266,0.11413002932520093,15.324639005666247,15.543694444444457,15.265431828145552,15.237947332883175,13.00339363358037,0.07331354183161212,0.8000000000000002,3.4443427863989437e-18,3.132726341686248,0.011486903676662327,0.6174943642601938,0.005516359120047846,0.4904973940774978,0.006008120545712477,0.7563516724547614,0.3967834205839495,0.6032165794160504,0.2701926216127979,0.846516983304548,0.3981526027133647,0.005803770700716043,0.003594077210399677,0.0035940772103996775,0.0035882473014863833
S2_trap_heavy,robust_map_w0.5,2000,0.009098536804905235,0.0015471809470922187,0.06919203542381414,0.06977053367430638,0.0011841154287964351,0.9575,0.004510751046111944,0.2651860010012516,0.0013225569574267417,nan,nan,0.0295,0.003783500363420096,0.0295,0.003783500363420096,0.6845,0.010391336535787877,nan,nan,1.6206284281877075,0.012870247387630526,nan,nan,nan,nan,2.7426303954838627,0.03496640286658896,0.5,0.0,3.326548826628492,0.008276232066882131,0.5,0.0,0.3886791304297218,0.00505494141793208,1.0,0.0,1.0,0.22795833333333335,nan,0.37128024159343087,0.0,0.0,0.0,0.002707961499581852
S2_trap_heavy,robust_map_w0.9,2000,0.009883666221587597,0.0015363820368801953,0.06870909347747411,0.06939932214879897,0.0011413242368033538,0.952,0.004779958158812692,0.2610773110137672,0.00121040774831906,nan,nan,0.0325,0.003965081966365891,0.0325,0.003965081966365891,0.697,0.010275967107771414,nan,nan,1.6206284281877075,0.012870247387630526,nan,nan,nan,nan,4.936734711870953,0.06293952515986015,0.9000000000000002,4.9663100392403566e-18,3.2652451736606025,0.013195864293033589,0.5,0.0,0.3886791304297218,0.00505494141793208,1.0,0.0,1.0,0.22795833333333335,nan,0.37128024159343087,0.0,0.0,0.0,0.002707961499581852
S2_trap_heavy,power_prior,2000,0.02144065041351527,0.0035728230168146037,0.15978150274346656,0.16117402099843978,0.002285043206122095,0.292,0.01016700545883595,0.13086618698372968,0.0003271037192347368,nan,nan,0.4505,0.011125415722569651,0.4505,0.011125415722569651,0.7645,0.009487880427155478,nan,nan,1.6206284281877075,0.012870247387630526,nan,nan,nan,nan,157.46189999999999,0.6101749141909669,1.0,0.0,4.778119216974577,0.07844680945247874,0.5,0.0,0.3886791304297218,0.00505494141793208,1.0,0.0,1.0,0.22795833333333335,nan,0.37128024159343087,0.0,0.0,0.0,0.002707961499581852
S2_trap_heavy,uip_dirichlet,2000,0.008273410172469135,0.001804939013988304,0.08071932661038583,0.08112213754254655,0.001249333243969088,0.897,0.006796727153564427,0.2513564770963705,0.0010893215954364025,nan,nan,0.061,0.005351588549206675,0.061,0.005351588549206675,0.6815,0.010417719280149566,0.06249998423035007,0.00678578725919385,1.594812098516,0.013836871337542692,nan,nan,nan,nan,27.220017114558864,0.3059075148021335,1.0,0.0,3.558629353244786,0.02845141000345917,0.5013829822252994,0.004470877202810644,0.3894250407035029,0.0051324131094468844,0.9638091756534455,0.03729289222300178,0.9627071077769982,0.22815975076803255,0.7772778402699663,0.36897347981246936,0.0025250001521857366,0.0013919836415114538,0.0013919836415114545,0.002760411697581624
S2_trap_heavy,uip_js,2000,-0.0005889383217945555,0.00158867160345532,0.07104755398499371,0.07103223140331331,0.0012433265429717209,0.891,0.006968464680257768,0.22073556871088862,0.0013183589570438044,nan,nan,0.049,0.0048269555622566076,0.049,0.0048269555622566076,0.724,0.009995599031573845,0.45505064690222835,0.0057510401905140765,2.1466409688709804,0.04543807970073735,nan,nan,nan,nan,15.554358259291785,0.12309372108835723,1.0,0.0,2.4345174255980484,0.010040063484371366,0.8261779047361743,0.003957777169917867,0.6766754343497982,0.006214670820538784,0.5410345457868763,0.792595391008689,0.20740460899131097,0.43510216081140674,0.8539861603768099,0.4823203519635001,0.006737040214254744,0.0029785780325398917,0.0029785780325398917,0.006010773199324623
S2_trap_heavy,pooling,2000,0.0235056686190745,0.004052811241236273,0.18124722870759213,0.18272013871616577,0.0025958326683905874,0.168,0.008359904305672404,0.07741567772215267,0.00019805380936976555,nan,nan,0.5085,0.01117872421164419,0.5085,0.01117872421164419,0.7815,0.009240068993248914,nan,nan,1.6206284281877075,0.012870247387630526,nan,nan,nan,nan,524.873,2.0339163806365566,1.0,0.0,5.089877994854883,0.08916399019914549,0.5,0.0,0.3886791304297218,0.00505494141793208,1.0,0.0,1.0,0.22795833333333335,nan,0.37128024159343087,0.0,0.0,0.0,0.002707961499581852
S3_hidden_gem,weak_only,2000,0.011591374135875835,0.0015622441472060357,0.06986568221207769,0.070803480836336,0.0012874496302840966,0.958,0.00448530935387962,0.27280712978723404,0.0014560870393042638,nan,nan,0.0275,0.0036567574434189644,0.0275,0.0036567574434189644,0.68,0.010430723848324237,nan,nan,nan,nan,nan,nan,nan,nan,0.0,0.0,0.0,0.0,3.479414821707462,0.005234389026922476,0.5,0.0,0.4203733807787752,0.005299849087088158,0.0,1.0,0.0,nan,0.7386666666666667,nan,0.0,0.0,0.0,nan
S3_hidden_gem,rule,2000,0.006444142691935035,0.0014586464798412677,0.06523265368131703,0.06553394869674427,0.00122927482379534,0.9685,0.0039056209493497944,0.2599586361702128,0.0014445870397959497,nan,nan,0.0175,0.002932042803234632,0.0175,0.002932042803234632,0.7125,0.010120369311443136,0.17511764358836285,0.007492866392661429,3.8826687048722155,0.10829752235782006,nan,nan,nan,nan,13.049860361610392,0.07130563718438587,0.8000000000000003,5.447682190812942e-18,3.0759820213398963,0.011232107869666628,0.6089136124845529,0.005398392740646998,0.5185531877248988,0.005994493428374428,0.6833545918367347,0.4392486462093863,0.5607513537906137,0.3012581710831517,0.7967870664074491,0.41816673984096786,0.005873630616194294,0.0037274386976642216,0.0037274386976642216,0.0038465477054018525
S3_hidden_gem,rule_sam,2000,0.00728501332797515,0.0014675064220731004,0.06562888234345901,0.06601566512382903,0.0012418305361830805,0.968,0.003935479640399632,0.2594268276595745,0.001440127057963345,nan,nan,0.018,0.0029728773940409987,0.018,0.0029728773940409987,0.7145,0.010099251209866997,0.17511764358836285,0.007492866392661429,3.8826687048722155,0.10829752235782006,nan,nan,nan,nan,12.368152466484602,0.08228738833280846,0.7582408263141864,0.0027894975561543055,3.041692041440324,0.009703223122739312,0.6089136124845529,0.005398392740646998,0.5185531877248988,0.005994493428374428,0.6833545918367347,0.4392486462093863,0.5607513537906137,0.3012581710831517,0.7967870664074491,0.41816673984096786,0.005873630616194294,0.0037274386976642216,0.0037274386976642216,0.0038465477054018525
S3_hidden_gem,two_head,2000,0.004632614133522776,0.0014039586387145791,0.06278693907527734,0.06294195526271393,0.0012428508193272083,0.9685,0.0039056209493497944,0.24849034205256573,0.0015446604766121517,nan,nan,0.0195,0.0030919047527373806,0.0195,0.0030919047527373806,0.7225,0.010012336140981284,0.20557812444454351,0.007496669634559373,3.9006669557289895,0.10858807397689835,43.46100749649389,43.2465242528519,43.418576376313254,44.10954310864095,35.90573152981374,0.21988390530402527,0.8000000000000003,5.536099305576646e-18,2.9947878847380354,0.013782697332573066,0.6408463096954076,0.005548255231725736,0.5562386242021223,0.006210054714315615,0.6409438775510204,0.5429828519855595,0.4570171480144405,0.3316284441511302,0.8104057922209126,0.43709905403936067,0.006057426387675303,0.0037413594379881654,0.0037413594379881654,0.004276098754250059
S3_hidden_gem,two_head_pro,2000,0.004551026963542198,0.0013971348823524812,0.062481771413526385,0.0626317141671499,0.0012363076190118226,0.968,0.003935479640399632,0.2485460255319149,0.0015211926258283622,nan,nan,0.019,0.003052785613173647,0.019,0.003052785613173647,0.723,0.010006772706522319,0.21311780028634714,0.007525300538212519,3.891416305082095,0.1084808400153666,33.49033223766092,30.370995085510167,26.641065555654908,22.421796367559832,31.371530769821742,0.21230303101743386,0.8000000000000003,5.51070230038464e-18,2.987621262646985,0.013983218744250547,0.647349640341029,0.005563538024788882,0.5615883625459506,0.006323028369575331,0.6705994897959183,0.5204196750902527,0.47958032490974734,0.3309726156751652,0.8170386114063054,0.4432033719704952,0.005934589970036995,0.003752128133122537,0.003752128133122537,0.004174258837071037
S3_hidden_gem,two_head_pro_sam,2000,0.005741915984035641,0.001412219732856011,0.06315638643665268,0.06340113865168087,0.001247699047472806,0.9675,0.00396508196636589,0.24763131489361703,0.001500163019251697,nan,nan,0.0195,0.0030919047527373806,0.0195,0.0030919047527373806,0.7235,0.010001193678756551,0.21311780028634714,0.007525300538212519,3.891416305082095,0.1084808400153666,nan,nan,nan,nan,28.970100208314157,0.24303459305978098,0.7394438408840902,0.003529180579784914,2.9292663607292306,0.011520088017355214,0.647349640341029,0.005563538024788882,0.5615883625459506,0.006323028369575331,0.6705994897959183,0.5204196750902527,0.47958032490974734,0.3309726156751652,0.8170386114063054,0.4432033719704952,0.005934589970036995,0.003752128133122537,0.003752128133122537,0.004174258837071037
S3_hidden_gem,two_head_pro_fixdisc,2000,0.006367429101053208,0.0014279295981910042,0.06385895297278092,0.06415973071327058,0.0012190644914257048,0.9685,0.0039056209493497944,0.2562866548185232,0.0014248537300202452,nan,nan,0.018,0.0029728773940409987,0.018,0.0029728773940409987,0.7175,0.010067118505312231,0.22258026436128733,0.007522045986225334,3.8610279963525427,0.10878405755899567,15.218136160714261,15.144485384426424,15.209416806020092,15.452856981855051,13.031607268331904,0.08354173224202685,0.8000000000000003,5.495856555979309e-18,3.013144624190418,0.01209769120083379,0.6487162543579984,0.0055049313335748225,0.560186114776315,0.006221058984963279,0.6516262755102041,0.548341606498195,0.45165839350180503,0.33793616669422855,0.8164790861750378,0.44506152673418276,0.00601615428131293,0.0037376684207459676,0.0037376684207459676,0.004301127202877538
S3_hidden_gem,robust_map_w0.5,2000,0.012415552076590971,0.0015108266193694876,0.0675662204625275,0.06868083782164874,0.0012269339190745547,0.9585,0.004459694496263168,0.26781063241551945,0.0013095865643425798,nan,nan,0.0295,0.003783500363420096,0.0295,0.003783500363420096,0.7,0.010246950765959599,nan,nan,1.5140160601179542,0.014000074730851148,nan,nan,nan,nan,3.068892375157968,0.04157972118041715,0.5,0.0,3.2555370675924875,0.007875594966313754,0.5,0.0,0.4203733807787752,0.005299849087088158,1.0,0.0,1.0,0.2613333333333333,nan,0.41437632135306546,0.0,0.0,0.0,0.0028360640435750495
S3_hidden_gem,robust_map_w0.9,2000,0.012447061908189734,0.0014996376938712847,0.06706583650234425,0.06819462488123677,0.0012156819815235993,0.956,0.004586065852122058,0.26225667459324153,0.0012098452922511234,nan,nan,0.03,0.00381444622455213,0.03,0.00381444622455213,0.711,0.010136049526319415,nan,nan,1.5140160601179542,0.014000074730851148,nan,nan,nan,nan,5.524006275284343,0.07484349812475087,0.9000000000000002,4.9663100392403566e-18,3.1510136774274318,0.01208862396202668,0.5,0.0,0.4203733807787752,0.005299849087088158,1.0,0.0,1.0,0.2613333333333333,nan,0.41437632135306546,0.0,0.0,0.0,0.0028360640435750495
S3_hidden_gem,power_prior,2000,0.013866912701348858,0.003189273752344409,0.14262865818195855,0.14326567605531132,0.002247436690498197,0.3,0.010246950765959597,0.12900861113892365,0.0003624576745679101,nan,nan,0.4585,0.011141762652291602,0.4585,0.011141762652291602,0.779,0.009277903858092086,nan,nan,1.5140160601179542,0.014000074730851148,nan,nan,nan,nan,157.2756,0.6183708544043682,1.0,0.0,4.135638568654607,0.06690797197700463,0.5,0.0,0.4203733807787752,0.005299849087088158,1.0,0.0,1.0,0.2613333333333333,nan,0.41437632135306546,0.0,0.0,0.0,0.0028360640435750495
S3_hidden_gem,uip_dirichlet,2000,0.010228504427220123,0.0016971464339106152,0.0758986958799098,0.07656601095179612,0.0012962775277922305,0.905,0.006556485338960196,0.2475975294117647,0.0011540850510509144,nan,nan,0.064,0.005472842040475863,0.064,0.005472842040475863,0.695,0.010295023069425343,0.07965536127319696,0.006840136214566216,1.492051627216587,0.015087272883101601,nan,nan,nan,nan,26.149799159049326,0.34088654923251904,1.0,0.0,3.2766289507208035,0.025594259769824233,0.4948667835439979,0.004335938940011126,0.4160375002711967,0.005239616405118617,0.9585459183673469,0.039429151624548735,0.9605708483754513,0.2609261750792066,0.7288842544316997,0.41019342953638316,0.002517022428401772,0.0014616505221151444,0.0014616505221151446,0.002893024241906182
S3_hidden_gem,uip_js,2000,0.0021162011780863394,0.001535533425509668,0.06867114242325455,0.0686865798117812,0.001256855813383509,0.9095,0.006415206543830059,0.22387761852315397,0.001343763071610336,nan,nan,0.0445,0.004610843198374892,0.0445,0.004610843198374892,0.7455,0.009739860111931793,0.4309302742810686,0.006011552816078382,2.270188102862955,0.05079566918802472,nan,nan,nan,nan,15.122775959261388,0.11271151505006888,1.0,0.0,2.436885607218671,0.010709581198206353,0.8027362359306044,0.004077575931760093,0.6662762323184359,0.006133964530472015,0.5041454081632653,0.7787680505415162,0.2212319494584838,0.4463579898362507,0.8161503901631592,0.47349505840071876,0.0063132364137934585,0.003117440079418318,0.003117440079418318,0.005906318989129699
S3_hidden_gem,pooling,2000,0.014273559926348104,0.0035973506146027637,0.16087841026304855,0.16147029593796014,0.002540044959249455,0.1505,0.007995303308818247,0.07616311226533168,0.00021798924255545148,nan,nan,0.549,0.011126522367748155,0.549,0.011126522367748155,0.797,0.008994192570764758,nan,nan,1.5140160601179542,0.014000074730851148,nan,nan,nan,nan,524.252,2.061236181347894,1.0,0.0,4.368863212190428,0.07676489984647682,0.5,0.0,0.4203733807787752,0.005299849087088158,1.0,0.0,1.0,0.2613333333333333,nan,0.41437632135306546,0.0,0.0,0.0,0.0028360640435750495
S4_conflict,weak_only,2000,0.01021946710443294,0.0015951340529816874,0.07133656351383609,0.07204719529041484,0.0013449515351816714,0.955,0.004635461142108735,0.27137938035043807,0.0014391017546641403,nan,nan,0.0265,0.0035915003828483716,0.0265,0.0035915003828483716,0.6885,0.010355379037002944,nan,nan,nan,nan,nan,nan,nan,nan,0.0,0.0,0.0,0.0,3.4857019472212167,0.005149488162032614,0.5,0.0,0.29788245560700033,0.00667092782229964,0.0,1.0,0.0,nan,0.9177916666666667,nan,0.0,0.0,0.0,nan
S4_conflict,rule,2000,0.023836960686677712,0.001574999583665178,0.0704361226721841,0.07434357704725164,0.001272546291028376,0.943,0.005184158562389852,0.2697482923654568,0.0013474013594639957,nan,nan,0.0455,0.004659922209651144,0.0455,0.004659922209651144,0.7505,0.009675994780899791,-0.04179274628647564,0.008602583726115018,5.452077133947123,0.17640874400701295,nan,nan,nan,nan,13.248102423631693,0.06683402972499485,0.8000000000000003,5.478720150631083e-18,3.4351292253384074,0.0110968277120366,0.4595471590013187,0.007753202475980333,0.2709388916363254,0.006174896173090833,0.6254434870755196,0.33027647886684525,0.6697235211331547,0.0771925434755411,0.9077863738457699,0.13742413274681217,0.010896553893146274,0.003168902834610349,0.0031689028346103495,0.0021109275052149713
S4_conflict,rule_sam,2000,0.02042652027141785,0.0016092147307197758,0.07196627056566876,0.07479169243626006,0.0012936698982128445,0.9375,0.005412658773652742,0.26751094267834796,0.001378108308211052,nan,nan,0.045,0.004635461142108733,0.045,0.004635461142108733,0.733,0.009892193892155572,-0.04179274628647564,0.008602583726115018,5.452077133947123,0.17640874400701295,nan,nan,nan,nan,11.3553597416464,0.08981573358865154,0.6881625693855867,0.004172907931373912,3.3419465016246357,0.008239121845620673,0.4595471590013187,0.007753202475980333,0.2709388916363254,0.006174896173090833,0.6254434870755196,0.33027647886684525,0.6697235211331547,0.0771925434755411,0.9077863738457699,0.13742413274681217,0.010896553893146274,0.003168902834610349,0.0031689028346103495,0.0021109275052149713
S4_conflict,two_head,2000,0.03004522315814383,0.0016360185781512738,0.07316497506397601,0.07907687686009632,0.0012906266926573009,0.917,0.006168914004912047,0.26820729899874846,0.0014679039485388412,nan,nan,0.0665,0.005571254347092763,0.0665,0.005571254347092763,0.7595,0.009556666521334729,-0.05983659180048457,0.008289459497498637,5.802098837317409,0.17351943710808193,44.027254677933094,43.57824903491021,44.6473025684931,44.20198464189507,36.41681376006546,0.21184332091799202,0.8000000000000003,5.498380356862586e-18,3.4761155837266124,0.014618188849129188,0.44506894497840277,0.007461702866909613,0.25577303904704574,0.005822394884343801,0.4784591991890522,0.4383710900258773,0.5616289099741227,0.07089748404055576,0.9036967711745437,0.12349555206698065,0.011246128891909114,0.0033432434644716153,0.0033432434644716153,0.0022242143810823436
S4_conflict,two_head_pro,2000,0.03074148445556065,0.0016350207071449115,0.07312034891591597,0.07930290662645334,0.00129956082254207,0.9185,0.006117914268768402,0.26896184142678353,0.0014463070410166267,nan,nan,0.065,0.005512485827646181,0.065,0.005512485827646181,0.7615,0.009529369076701774,-0.05981227334890134,0.008141652214689559,5.763612971289711,0.1733804923856314,24.73970827741737,28.249909717399532,32.8559380176432,26.714853049078766,31.998348764620076,0.20727717856141903,0.8000000000000003,5.392793021518083e-18,3.4761294645814123,0.014757207043962989,0.4446401072177148,0.007361792528951108,0.2509487724533254,0.005571138427160086,0.4972123669538773,0.4323784446361284,0.5676215553638716,0.07275289231681993,0.9056675542031191,0.12693278126415217,0.01125640503825268,0.0033379803923689814,0.0033379803923689814,0.0022367296949557915
S4_conflict,two_head_pro_sam,2000,0.024521453212113242,0.0016803072242365874,0.07514562352953984,0.0790274823773943,0.0013178024580923658,0.915,0.006235984284778145,0.26342853028785984,0.0014323680056543104,nan,nan,0.0645,0.005492711079239468,0.0645,0.005492711079239468,0.743,0.009771156533389485,-0.05981227334890134,0.008141652214689559,5.763612971289711,0.1733804923856314,nan,nan,nan,nan,24.89389346786304,0.2639354354436389,0.6287842334374618,0.005363714779409967,3.29697704078239,0.01004445942082912,0.4446401072177148,0.007361792528951108,0.2509487724533254,0.005571138427160086,0.4972123669538773,0.4323784446361284,0.5676215553638716,0.07275289231681993,0.9056675542031191,0.12693278126415217,0.01125640503825268,0.0033379803923689814,0.0033379803923689814,0.0022367296949557915
S4_conflict,two_head_pro_fixdisc,2000,0.026868545037766818,0.001574201234301032,0.07040041940322363,0.07533697402384977,0.001281372077718743,0.9385,0.005372045699731156,0.2693291021276596,0.0013534403505991671,nan,nan,0.05,0.004873397172404482,0.05,0.004873397172404482,0.7625,0.009515612171584129,-0.06016083449826627,0.008264235269862783,5.810560582585723,0.17338823846378165,15.41898124683223,15.25922162576684,15.631091601788977,15.478725153190856,13.218174144795796,0.08017610376505903,0.8000000000000003,5.492489684177109e-18,3.4224942311710476,0.01246312555878815,0.4435053400311057,0.007415970923337275,0.2532299923907954,0.005694445788611696,0.4759249873289407,0.44622508739274525,0.5537749126072548,0.0714775062799726,0.9048145079628095,0.12428855062872271,0.01124352364726167,0.0033493918123989456,0.0033493918123989456,0.0022476713546880737
S4_conflict,robust_map_w0.5,2000,0.01946761124159394,0.00158717151186672,0.07098046784970201,0.0735846151733386,0.001300617629994592,0.9475,0.004987171041783106,0.27322006345431793,0.0012810684322669679,nan,nan,0.039,0.004328914413568372,0.039,0.004328914413568372,0.7205,0.010034434463386564,nan,nan,2.1406455222453444,0.012303325018362229,nan,nan,nan,nan,2.6620538341363447,0.03253816899468899,0.5,0.0,3.490213300261796,0.008545670807155235,0.5,0.0,0.29788245560700033,0.00667092782229964,1.0,0.0,1.0,0.08220833333333333,nan,0.15192700111654409,0.0,0.0,0.0,0.0017730637709894618
S4_conflict,robust_map_w0.9,2000,0.030159064214996534,0.0015635106730014954,0.06992232296755578,0.07613314546161136,0.0012474530481413589,0.9295,0.005724061058374553,0.27116477997496874,0.0011180503166089426,nan,nan,0.059,0.0052687284993630104,0.059,0.0052687284993630104,0.772,0.009381257911389069,nan,nan,2.1406455222453444,0.012303325018362229,nan,nan,nan,nan,4.7916969014454205,0.058568704190440184,0.9000000000000002,4.9663100392403566e-18,3.5877011191991315,0.01545070527229524,0.5,0.0,0.29788245560700033,0.00667092782229964,1.0,0.0,1.0,0.08220833333333333,nan,0.15192700111654409,0.0,0.0,0.0,0.0017730637709894618
S4_conflict,power_prior,2000,0.16325390852931174,0.003271531603508032,0.146307341119657,0.2191961993205352,0.0021654326372922018,0.1405,0.007770448828735699,0.13611982941176473,0.00026605358310033053,nan,nan,0.7705,0.0094029184299344,0.7705,0.0094029184299344,0.924,0.005925537950262405,nan,nan,2.1406455222453444,0.012303325018362229,nan,nan,nan,nan,159.30809999999997,0.6271431786109446,1.0,0.0,6.5688639372196285,0.0984805369620391,0.5,0.0,0.29788245560700033,0.00667092782229964,1.0,0.0,1.0,0.08220833333333333,nan,0.15192700111654409,0.0,0.0,0.0,0.0017730637709894618
S4_conflict,uip_dirichlet,2000,0.049347745385976687,0.0017734405333362725,0.07931067173186775,0.09339292014876711,0.0013673691366276296,0.8725,0.007458007441669657,0.27216457997496873,0.0011360055229256377,nan,nan,0.1095,0.0069824691191583505,0.1095,0.0069824691191583505,0.802,0.008910555538236659,0.02125961375237669,0.00857498578995232,2.140625466199525,0.01425400589041265,nan,nan,nan,nan,27.227224973194833,0.3651766640886405,1.0,0.0,4.217027612687713,0.033582350036941475,0.5052290585610122,0.006548758679192515,0.2955595672110573,0.006445236217049584,0.9695894576786619,0.03663685476914696,0.9633631452308531,0.08269571607660053,0.9307958477508651,0.1523938500756791,0.003865827599548042,0.0012658330466286743,0.0012658330466286734,0.001810849001734877
S4_conflict,uip_js,2000,0.017363017045985685,0.0015720026718176734,0.07030209669991222,0.07239743067915323,0.0013375729252859063,0.908,0.006462816723379983,0.23404829987484357,0.001113931667392004,nan,nan,0.066,0.005551756478809206,0.066,0.005551756478809206,0.786,0.009170714257897256,0.3871919739006632,0.0061876077935418775,2.1887519521678924,0.06088776925006262,nan,nan,nan,nan,15.645405724020394,0.12330952063830501,1.0,0.0,2.673814002619031,0.013116335260184617,0.8391989609911796,0.005121498750895124,0.6208467778542281,0.008981885742663957,0.6609224531170805,0.708267126708131,0.29173287329186903,0.1686934023285899,0.958881376767056,0.26878285066474283,0.010657644427138546,0.0030627641242879076,0.0030627641242879076,0.004259316526799982
S4_conflict,pooling,2000,0.18524161952147858,0.0036911682186003807,0.1650740610635451,0.24809328591506308,0.002425238803554085,0.07,0.005705260730238366,0.08018733854818524,0.0001690709012199955,nan,nan,0.815,0.008682597537603596,0.815,0.008682597537603596,0.931,0.0056674068144081545,nan,nan,2.1406455222453444,0.012303325018362229,nan,nan,nan,nan,531.027,2.0904772620364818,1.0,0.0,7.1053070866979375,0.11186277206023292,0.5,0.0,0.29788245560700033,0.00667092782229964,1.0,0.0,1.0,0.08220833333333333,nan,0.15192700111654409,0.0,0.0,0.0,0.0017730637709894618
S5_heterogeneous,weak_only,2000,0.007771179965516151,0.0015652294327623479,0.06999918824080092,0.07041184310363093,0.0012088786878716163,0.9525,0.00475624589355933,0.2652579515644556,0.0015757297151562071,nan,nan,0.0305,0.0038451105315712316,0.0305,0.0038451105315712316,0.654,0.010636822833910509,nan,nan,nan,nan,nan,nan,nan,nan,0.0,0.0,0.0,0.0,3.48606648621821,0.005209176575465589,0.5,0.0,0.3520656807090866,0.005368350117503693,0.0,1.0,0.0,nan,0.8282916666666666,nan,0.0,0.0,0.0,nan
S5_heterogeneous,rule,2000,0.0029988362226202065,0.0015328008246308282,0.06854893679684532,0.06859737805703658,0.001209162838487353,0.9545,0.004659922209651143,0.25831002978723405,0.00156853775879443,nan,nan,0.024,0.00342227994179319,0.024,0.00342227994179319,0.672,0.01049799980948752,0.05298936650905479,0.007601440619795081,4.948547906885778,0.1362693275018308,nan,nan,nan,nan,13.025279482687463,0.06499332921448295,0.8000000000000003,5.5003425124906964e-18,3.22049368459464,0.011256056041597363,0.5269570689303255,0.005996928076923526,0.37161068695632604,0.005556471226516236,0.7005581169619024,0.3402585643141003,0.6597414356858997,0.18041494813148357,0.8457114278569643,0.28693534761218503,0.007134721905304135,0.0033604245307794246,0.0033604245307794246,0.0030398079067391116
S5_heterogeneous,rule_sam,2000,0.00396359480440835,0.0015332456463202466,0.06856882982755344,0.06866617555595735,0.0012078625879803672,0.9525,0.00475624589355933,0.25729458836045055,0.0015631583987496527,nan,nan,0.0255,0.003524893615415932,0.0255,0.003524893615415932,0.677,0.010456361699941333,0.05298936650905479,0.007601440619795081,4.948547906885778,0.1362693275018308,nan,nan,nan,nan,12.008993299971177,0.0798672104995693,0.7386418606512132,0.0032205290803421337,3.172636070635257,0.009446250031588065,0.5269570689303255,0.005996928076923526,0.37161068695632604,0.005556471226516236,0.7005581169619024,0.3402585643141003,0.6597414356858997,0.18041494813148357,0.8457114278569643,0.28693534761218503,0.007134721905304135,0.0033604245307794246,0.0033604245307794246,0.0030398079067391116
S5_heterogeneous,two_head,2000,0.0020539875721083704,0.0015404363170307335,0.06889040639780275,0.06890380261316477,0.001245672692029804,0.948,0.0049646752159632785,0.2527566976220275,0.0016703782851848624,nan,nan,0.029,0.003752265982043384,0.029,0.003752265982043384,0.67,0.01051427600931229,0.06596539826494774,0.007690843550240581,5.1002072981411635,0.13533363491080735,42.949008900465756,43.27461894045167,43.347145169967405,43.88531427781788,35.8425332686028,0.20060478791311892,0.8000000000000003,5.4329479771080464e-18,3.19755037759448,0.014421073867093369,0.5455110912613129,0.006162458507055506,0.39641246614640313,0.005997313152964737,0.6047075952438729,0.45409728859600584,0.5459027114039942,0.1867505995203837,0.8471283783783784,0.285370741482966,0.007616064955157339,0.0035313016163273582,0.0035313016163273582,0.0033736487336139217
S5_heterogeneous,two_head_pro,2000,0.0019598367998365602,0.0015348892274191718,0.06864233300882805,0.06865314964541969,0.0012316274325227586,0.9495,0.0048964145045124596,0.2526152991239049,0.0016433255006790533,nan,nan,0.029,0.003752265982043384,0.029,0.003752265982043384,0.672,0.01049799980948752,0.07234965292079307,0.007653389863927429,5.07072937096468,0.135323838190477,31.200800269201043,31.11871101742769,29.110784637094472,25.178539232300373,31.468081201304393,0.1941113712732386,0.8000000000000003,5.476468775910734e-18,3.184280367794984,0.014526577295007238,0.5509893406299287,0.00613909617308704,0.40125858477629417,0.00610594462586131,0.6265469546226644,0.4487147240806882,0.5512852759193119,0.1906801565615538,0.85285400133856,0.29237911901256936,0.007535177847073341,0.003527573651632741,0.0035275736516327404,0.003375883689381817
S5_heterogeneous,two_head_pro_sam,2000,0.0031605770969272778,0.0015327534875902832,0.06854681982003508,0.06860252489356536,0.0012230023421128011,0.9455,0.005075911248239078,0.2506275866082603,0.0016136132363363414,nan,nan,0.0315,0.0039056209493497957,0.0315,0.0039056209493497957,0.6795,0.010435031145137996,0.07234965292079307,0.007653389863927429,5.07072937096468,0.135323838190477,nan,nan,nan,nan,27.746177886471894,0.237616430650853,0.7074323384561849,0.004192448904033847,3.0951731680174697,0.011481640711428629,0.5509893406299287,0.00613909617308704,0.40125858477629417,0.00610594462586131,0.6265469546226644,0.4487147240806882,0.5512852759193119,0.1906801565615538,0.85285400133856,0.29237911901256936,0.007535177847073341,0.003527573651632741,0.0035275736516327404,0.003375883689381817
S5_heterogeneous,two_head_pro_fixdisc,2000,0.002931614844688214,0.0015225808132913843,0.06809188399512901,0.06813795402909233,0.0012030643803455847,0.9565,0.004561126505590477,0.25674713842302876,0.0015603964877391333,nan,nan,0.0245,0.003456859123539749,0.0245,0.003456859123539749,0.673,0.01048978074127386,0.0755949556675628,0.007680828382864984,5.077562837397261,0.1355184738975578,15.036665857801491,15.15239361702127,15.178232468780028,15.367843631778051,13.008990257484895,0.07629617928536207,0.8000000000000003,5.4238608739844145e-18,3.18462206192098,0.012515956884144138,0.550190139284037,0.006102532621324723,0.3972251884223135,0.006007101123632561,0.6117447221548168,0.462296896222144,0.537703103777856,0.19084027252081756,0.8517145505097312,0.29092377820091164,0.007591760387918072,0.003536181059563581,0.003536181059563581,0.0034190128649736365
S5_heterogeneous,robust_map_w0.5,2000,0.008555185123796875,0.0015509842216400581,0.06936212303233541,0.06987052133768212,0.001151810843917136,0.95,0.004873397172404485,0.2634604387984981,0.0014214243402712857,nan,nan,0.0335,0.004023540107914919,0.0335,0.004023540107914919,0.6705,0.010510227162150207,nan,nan,1.8127186430450628,0.012929949077810575,nan,nan,nan,nan,2.3052729638103737,0.027376469342674035,0.5,0.0,3.355604698339848,0.008038874381289363,0.5,0.0,0.3520656807090866,0.005368350117503693,1.0,0.0,1.0,0.17170833333333332,nan,0.29309057288147644,0.0,0.0,0.0,0.002434342669637451
S5_heterogeneous,robust_map_w0.9,2000,0.00897175962219733,0.0015625979692264294,0.06988150561386841,0.07043774261833056,0.001124948928096744,0.943,0.005184158562389852,0.2608451922403004,0.0013016597229789679,nan,nan,0.0375,0.004248161366991607,0.0375,0.004248161366991607,0.6855,0.010382431073693675,nan,nan,1.8127186430450628,0.012929949077810575,nan,nan,nan,nan,4.149491334858673,0.049277644816813265,0.9000000000000002,4.9663100392403566e-18,3.3220468612383485,0.013378019639213635,0.5,0.0,0.3520656807090866,0.005368350117503693,1.0,0.0,1.0,0.17170833333333332,nan,0.29309057288147644,0.0,0.0,0.0,0.002434342669637451
S5_heterogeneous,power_prior,2000,0.014575051481435765,0.003903712244519335,0.17457931886687028,0.17514317495243387,0.0024541453021408046,0.2215,0.009285411945627398,0.13150623416770962,0.0003238977422779936,nan,nan,0.477,0.011168504823833851,0.477,0.011168504823833851,0.7255,0.00997872111044296,nan,nan,1.8127186430450628,0.012929949077810575,nan,nan,nan,nan,156.73155,0.594191376152917,1.0,0.0,5.117848520623648,0.08997164609064906,0.5,0.0,0.3520656807090866,0.005368350117503693,1.0,0.0,1.0,0.17170833333333332,nan,0.29309057288147644,0.0,0.0,0.0,0.002434342669637451
S5_heterogeneous,uip_dirichlet,2000,0.006758113935568037,0.0018975384029447891,0.08486049717801872,0.08510802214407283,0.0012443585974803684,0.867,0.00759312188760328,0.24890515269086358,0.0011994567672071676,nan,nan,0.078,0.005996498978570746,0.078,0.005996498978570746,0.642,0.010719981343267347,0.025764725505231192,0.0072223591788366515,1.8077758384550764,0.014615738393622174,nan,nan,nan,nan,32.005751258871165,0.404002231714337,1.0,0.0,3.6411596295446906,0.03180493091250177,0.48759764992034493,0.005084612941392144,0.34821581762406234,0.00530873867763391,0.9599611744722155,0.037627647265959054,0.962372352734041,0.1713518430285442,0.8192771084337349,0.2907968244633931,0.0030539800223214762,0.0013496707445251508,0.00134967074452515,0.0024799659780303527
S5_heterogeneous,uip_js,2000,-0.0014092840893063735,0.0015822655389105683,0.07076106606918739,0.07075740942584495,0.0012747891895250575,0.8875,0.007065541380531291,0.21743773028785984,0.0014308192941682976,nan,nan,0.051,0.004919298730510275,0.051,0.004919298730510275,0.7015,0.010232246820713425,0.4304213570504508,0.005572823035822481,2.2624272036970097,0.053165951282616065,nan,nan,nan,nan,16.2789072018708,0.1617730777356634,1.0,0.0,2.409409517516148,0.012517674278004294,0.8289624404577123,0.00406104331287991,0.647092953241425,0.006801008463401672,0.5753457898568308,0.7758941596659792,0.2241058403340208,0.34734837386463524,0.8981017817631303,0.433178039645565,0.007699825439942997,0.0029575395561987614,0.0029575395561987614,0.005762888344759237
S5_heterogeneous,pooling,2000,0.01566965258602249,0.00441208011901919,0.19731422136604546,0.1978862640874267,0.0027795587653439272,0.118,0.007213736895673421,0.07777668185231539,0.00019482544384207107,nan,nan,0.539,0.01114627740548386,0.539,0.01114627740548386,0.7435,0.009764930875331377,nan,nan,1.8127186430450628,0.012929949077810575,nan,nan,nan,nan,522.4385,1.980637920509723,1.0,0.0,5.465580116755036,0.10208252922344663,0.5,0.0,0.3520656807090866,0.005368350117503693,1.0,0.0,1.0,0.17170833333333332,nan,0.29309057288147644,0.0,0.0,0.0,0.002434342669637451
