world,drift_shift,treatment_effect,method,n_replicates,reject_rate,reject_rate_mcse,effect_bias,effect_bias_mcse,effect_rmse,control_bias,control_bias_mcse,effect_coverage95,effect_coverage95_mcse,prior_ess,prior_ess_mcse,roc_auc,roc_auc_mcse,sensitivity,specificity,fpr,ppv,fpr_mcse,oracle_spearman
alt,-0.4,0.15,internal_only,2000,0.24,0.009549869109050658,-0.013502755938108615,0.002241197456427284,0.10111000706793409,0.02174759826976512,0.0017366937754665975,0.949,0.004919298730510276,0.0,0.0,0.5,0.0,0.0,1.0,0.0,nan,0.0,nan
alt,-0.4,0.15,rule,2000,0.363,0.010752464833702085,0.0031842039201916542,0.0018788080036347312,0.08406216904252882,0.005060638411464847,0.0012431624120060527,0.9715,0.003720735814324901,19.047011841664084,0.09606374585965902,0.6364803370590407,0.00403853102156199,0.8028734744322571,0.4146010493938846,0.5853989506061155,0.6163059590868663,0.004685775077819511,0.31727803223538553
alt,-0.4,0.15,two_head,2000,0.4345,0.011083991835074582,0.009654376474312613,0.0017814007078691162,0.08022973613703926,-0.0014095341426561107,0.0010930053982652977,0.9725,0.003656757443418962,62.24650855131136,0.3938729546332016,0.6487889148768778,0.003907067739732392,0.762861115402441,0.47249864302514927,0.5275013569748508,0.6287642452409754,0.004748455181592467,0.3539537912942827
alt,-0.4,0.15,two_head_pro,2000,0.4445,0.011111249929688378,0.010512232974647926,0.0017612918908058615,0.07944622799243291,-0.002267390642991426,0.001061437330786171,0.975,0.003491060010942237,57.12649744515114,0.33810880261621545,0.6836434393147357,0.0038513415852514618,0.7708944847829445,0.4857969965623304,0.5142030034376697,0.6371297242083759,0.004753735208691586,0.3582435498336225
alt,-0.4,0.15,two_head_pro_sam,2000,0.4445,0.011111249929688378,0.008957816793055174,0.0018384387101587623,0.08268359212581029,-0.0007129744613986733,0.001178354842688752,0.97,0.003814446224552132,56.12957346613844,0.34887856542658285,0.6836434393147357,0.0038513415852514618,0.7708944847829445,0.4857969965623304,0.5142030034376697,0.6371297242083759,0.004753735208691586,0.3582435498336225
alt,-0.4,0.15,two_head_pro_fixdisc,2000,0.391,0.010911438951852316,0.005477698469110775,0.001825630723326736,0.08180786838006199,0.0027671438625457264,0.0011611032254557482,0.973,0.0036242930345103184,23.145366175724682,0.16820060994391253,0.6651748625128254,0.003933378645076672,0.7031515526031207,0.5412520354622761,0.45874796453772393,0.6422322562438267,0.004739440946548107,0.3798282219250675
alt,-0.4,0.15,robust_map_w0.5,2000,0.3365,0.010565693304274926,-0.0027546446359525954,0.001894348484535907,0.08474144129418908,0.010999486967609098,0.0012737021683535284,0.9715,0.003720735814324901,12.523446753748216,0.16004773096109265,0.5,0.0,1.0,0.0,1.0,0.5394166666666667,0.0,nan
alt,-0.4,0.15,power_prior,2000,0.704,0.010207448260951412,0.015837025780426024,0.001503703105774562,0.06907095137010703,-0.007592183448769523,0.0005881556381407443,0.9475,0.004987171041783106,228.87195,0.8848411671279043,0.5,0.0,1.0,0.0,1.0,0.5394166666666667,0.0,nan
alt,-0.4,0.15,uip_dirichlet,2000,0.4105,0.010999767042987774,0.012789429144312716,0.0018690875768209716,0.08454024337036507,-0.004544586812656215,0.001225781387943606,0.968,0.003935479640399632,11.869901200613175,0.10842162031224412,0.4994407090471905,0.0016187891489003886,0.9981461455275761,0.002171159761172426,0.9978288402388276,0.5394956579826319,0.0004427047550370697,0.16713812769211087
alt,-0.4,0.15,uip_js,2000,0.4155,0.011019522448817825,0.011667782966681145,0.0022020603265782857,0.09914346904085926,-0.003422940635024644,0.0016821109238572714,0.9245,0.005907611615534657,9.19124635332164,0.05708469112786026,0.6315426484986669,0.004548479358217502,0.32820948555538393,0.761805681201375,0.23819431879862496,0.6174077303109561,0.004051614090780153,0.22333459854328763
alt,-0.4,0.15,pooling,2000,0.76,0.009549869109050658,0.017956468594966003,0.0015091273038426035,0.0698218285179448,-0.009711626263309505,0.0006077022977253805,0.9305,0.005686376262612245,762.9065,2.9494705570930146,0.5,0.0,1.0,0.0,1.0,0.5394166666666667,0.0,nan
alt,-0.8,0.15,internal_only,2000,0.2395,0.00954305375652888,-0.018114148366138245,0.002304802725599601,0.10462811029206845,0.024784857192007195,0.0017917749258177004,0.953,0.004732388403332932,0.0,0.0,0.5,0.0,0.0,1.0,0.0,nan,0.0,nan
alt,-0.8,0.15,rule,2000,0.364,0.010758810343155975,0.004387155313121037,0.0019830960885480853,0.08877305139778886,0.002283553512747912,0.0013604831097161077,0.961,0.004328914413568374,18.891729114017892,0.09401916165191258,0.6568476515235775,0.004094496765037204,0.8454748484526216,0.3922723847365897,0.6077276152634103,0.4726235063313715,0.004041257740286635,0.3099646373520221
alt,-0.8,0.15,two_head,2000,0.431,0.011073368954387819,0.01198070672019664,0.0019145533415746768,0.08643437287611423,-0.005309997894327692,0.0012609070240974728,0.9595,0.004407933189148855,61.882147399613,0.40380088958119525,0.6586408423213977,0.00406888607758953,0.801233648835478,0.4452969788312667,0.5547030211687334,0.4819909154884524,0.004113612092116524,0.3181672049435131
alt,-0.8,0.15,two_head_pro,2000,0.4495,0.011123168388548292,0.014349661880425532,0.0018955170327182359,0.08595515955375282,-0.007678953054556583,0.0012362687238354144,0.9585,0.004459694496263168,56.486719235967705,0.34340005008506597,0.6738096366568589,0.004360144237689088,0.8064447516749973,0.4428307186408166,0.5571692813591834,0.48250190888266736,0.00411131400833982,0.3119120190188358
alt,-0.8,0.15,two_head_pro_sam,2000,0.4495,0.011123168388548292,0.01210046839388142,0.001978366714338212,0.08927696854899178,-0.005429759568012471,0.0013648657525624417,0.953,0.004732388403332932,55.02278913853615,0.364331734620684,0.6738096366568589,0.004360144237689088,0.8064447516749973,0.4428307186408166,0.5571692813591834,0.48250190888266736,0.00411131400833982,0.3119120190188358
alt,-0.8,0.15,two_head_pro_fixdisc,2000,0.403,0.010967930524944073,0.008716735365501953,0.0019368572297748543,0.08703483162829644,-0.002046026539633006,0.0012952752159414431,0.9635,0.004193313129257102,22.897614386350828,0.17518072265595575,0.6417331292331293,0.004449139086652673,0.7341274061469744,0.49153935740220595,0.508460642597794,0.4818848167539267,0.004137862124497437,0.28972646628602766
alt,-0.8,0.15,robust_map_w0.5,2000,0.3345,0.010550112558641259,-0.0021071760371897713,0.002000396603773632,0.08946290711271059,0.00877788486305872,0.0013906581456744848,0.962,0.004275277768753747,9.738840048865,0.11383031699563825,0.5,0.0,1.0,0.0,1.0,0.39179166666666665,0.0,nan
alt,-0.8,0.15,power_prior,2000,0.807,0.008824709626950906,0.033503638512702306,0.0015436897944137076,0.07672070892635524,-0.026832929686833366,0.0006329575416124208,0.92,0.006066300355241239,228.58155000000002,0.8848228483912853,0.5,0.0,1.0,0.0,1.0,0.39179166666666665,0.0,nan
alt,-0.8,0.15,uip_dirichlet,2000,0.45,0.011124297730643494,0.017960138580603992,0.0018960556103343594,0.08665463233963791,-0.011289429754735042,0.0012385465877568825,0.958,0.00448530935387962,13.6819641948235,0.13245698213909135,0.49676054797582575,0.0016950029583551898,0.9965968307986812,0.0028087963280126055,0.9971912036719874,0.39164960086931083,0.000438043802019294,0.08302224086235334
alt,-0.8,0.15,uip_js,2000,0.41,0.010997727037892875,0.009002927929342864,0.0022860745353773743,0.10260653067481329,-0.002332219103473915,0.0017599080365053518,0.913,0.006302023484564302,9.316801920023147,0.05798564541133907,0.6674298750108936,0.005220502587780631,0.3662660852919281,0.7790641912721792,0.22093580872782081,0.5164192532613585,0.0034339018123939924,0.2742503244935288
alt,-0.8,0.15,pooling,2000,0.8485,0.008017098914195832,0.0372904954525028,0.0015489255593998342,0.07865445097277553,-0.030619786626633845,0.0006542088690869606,0.8955,0.006840312492861713,761.9385,2.9494094946376177,0.5,0.0,1.0,0.0,1.0,0.39179166666666665,0.0,nan
alt,-1.2,0.15,internal_only,2000,0.2225,0.009300369616310956,-0.020157926748941846,0.0022359996976052047,0.10198397722950968,0.024980801381189927,0.001727265843769818,0.96,0.004381780460041331,0.0,0.0,0.5,0.0,0.0,1.0,0.0,nan,0.0,nan
alt,-1.2,0.15,rule,2000,0.3415,0.010603719866160178,0.004654064700554624,0.0019619389160763596,0.08784201577124866,0.00016880993169345694,0.0013593127682088233,0.9625,0.004248161366991606,18.945178035531193,0.09475311798530159,0.6623274019311601,0.004068686290581456,0.8584310189359784,0.38855103120042306,0.611448968799577,0.45155935017194354,0.003962902463880211,0.31518509704023456
alt,-1.2,0.15,two_head,2000,0.3995,0.010952163028370241,0.011127044568622851,0.0019077452260872502,0.08601834295254616,-0.0063041699363747695,0.001290650542092519,0.959,0.00443390347211123,61.70425061503916,0.3818428095067219,0.6672117023015716,0.004123341522959406,0.8190937781785392,0.443416181914331,0.556583818085669,0.4632498246956078,0.004039059947214838,0.3258846867605842
alt,-1.2,0.15,two_head_pro,2000,0.419,0.011032656071862296,0.014411051192403164,0.0018985439016350502,0.08609884912352145,-0.009588176560155082,0.001279186959936965,0.955,0.004635461142108735,56.221163726065846,0.3273713135389687,0.6665359097752889,0.0046322623131045525,0.8211226330027052,0.43462453728186146,0.5653754627181385,0.4599696931430736,0.0040302764869468615,0.29788539065842046
alt,-1.2,0.15,two_head_pro_sam,2000,0.4185,0.011030814793114786,0.011359997072346249,0.001994691432222809,0.08990360704187622,-0.006537122440098167,0.0014215214043288699,0.9535,0.004708383480558906,54.09131534730228,0.3574975370844518,0.6665359097752889,0.0046322623131045525,0.8211226330027052,0.43462453728186146,0.5653754627181385,0.4599696931430736,0.0040302764869468615,0.29788539065842046
alt,-1.2,0.15,two_head_pro_fixdisc,2000,0.379,0.010848018252197035,0.009600378899536736,0.0019276523277113168,0.0867187316822603,-0.004777504267288655,0.0013239587237050229,0.959,0.00443390347211123,22.750037210505567,0.16236012385552448,0.6309695947359346,0.004681808133570939,0.7428990081154193,0.4841353781068218,0.5158646218931782,0.45786731503994443,0.004063128190638429,0.26847270744903223
alt,-1.2,0.15,robust_map_w0.5,2000,0.3165,0.010400186296408348,-0.002399817414491948,0.0019822439632939674,0.08865896509955232,0.0072226920467400296,0.001393623117806155,0.9655,0.00408103847078167,7.74986287393655,0.0790463085145262,0.5,0.0,1.0,0.0,1.0,0.36966666666666664,0.0,nan
alt,-1.2,0.15,power_prior,2000,0.858,0.00780499839846236,0.04530548178477959,0.0015405053478055007,0.08244105152324946,-0.04048260715253151,0.0006729603764705021,0.892,0.006940316995642202,228.9222,0.8955680150690998,0.5,0.0,1.0,0.0,1.0,0.36966666666666664,0.0,nan
alt,-1.2,0.15,uip_dirichlet,2000,0.4795,0.011170938859379725,0.023200717461646227,0.0018218202118619887,0.08469363630491082,-0.018377842829398142,0.0011592525743233423,0.9545,0.004659922209651143,16.436584531551205,0.15666888873488666,0.4987265450296496,0.0016820203299819962,0.9979711451758341,0.002379693283976732,0.9976203067160233,0.36974860101895934,0.00039614335456649086,0.07768705864539273
alt,-1.2,0.15,uip_js,2000,0.3995,0.010952163028370241,0.008158412645209395,0.0022064122470804724,0.0989858649000899,-0.0033355380129613146,0.0016914065162780664,0.9205,0.006048956521582876,9.401591857501316,0.05856839814323099,0.7210968316360473,0.005333991656092573,0.40622182146077546,0.7958751983077736,0.20412480169222635,0.5385534967124925,0.003277023950899809,0.34941904166795534
alt,-1.2,0.15,pooling,2000,0.8915,0.00695441406590088,0.05007595944350679,0.001549007688888523,0.08546374628951757,-0.04525308481125872,0.0007005232864033044,0.8615,0.007723915781519111,763.074,2.9852267168969995,0.5,0.0,1.0,0.0,1.0,0.36966666666666664,0.0,nan
alt,0.0,0.15,internal_only,2000,0.237,0.009508706536643142,-0.021042139557929954,0.002288258294998931,0.10444992848448295,0.026922569069500257,0.0018301795347575591,0.946,0.005053909377897473,0.0,0.0,0.5,0.0,0.0,1.0,0.0,nan,0.0,nan
alt,0.0,0.15,rule,2000,0.309,0.010332448886880593,-0.009397640105199489,0.0018800720618521003,0.08458204823780702,0.015278069616769793,0.001285204120348574,0.966,0.004052406692324946,18.99614107941898,0.09312354718127745,0.6606834227788259,0.004399346181587788,0.783383158943697,0.47155085599194363,0.5284491440080563,0.7497615641392466,0.005600750810663976,0.3643272655875695
alt,0.0,0.15,two_head,2000,0.367,0.010777546102893738,-0.004446601664381169,0.0017590592918147853,0.07877345467230332,0.010327031175951473,0.0011083950891115808,0.9705,0.0037835003634200943,61.967260991485475,0.38752516257225833,0.6825999719214454,0.004247081490378903,0.7437717987045341,0.5405337361530715,0.45946626384692846,0.7659055926115957,0.005591374726172762,0.42150322892021214
alt,0.0,0.15,two_head_pro,2000,0.371,0.01080182854890782,-0.00454981498081354,0.001742414508233009,0.07803641102102846,0.010430244492383842,0.0010767332533156858,0.9695,0.0038451105315712303,57.194614090067255,0.33316346912708894,0.7148909714574072,0.003969604128696353,0.7490657698056801,0.5527442094662638,0.4472557905337362,0.7719512195121951,0.005578538941607703,0.4012218524045171
alt,0.0,0.15,two_head_pro_sam,2000,0.3715,0.010804807957571482,-0.005487527580082853,0.001806979705228318,0.08097653421517312,0.011367957091653154,0.0011782256762276214,0.966,0.004052406692324946,56.35394645123038,0.34754297620273167,0.7148909714574072,0.003969604128696353,0.7490657698056801,0.5527442094662638,0.4472557905337362,0.7719512195121951,0.005578538941607703,0.4012218524045171
alt,0.0,0.15,two_head_pro_fixdisc,2000,0.3245,0.010468995892634595,-0.008528842502533206,0.0018201304886098296,0.08182406901744477,0.014409272014103507,0.0011991943348573103,0.967,0.003994433626936366,23.18032027987492,0.17036114472391084,0.7096419840421729,0.0040464651159011905,0.689960139511709,0.6103977844914401,0.3896022155085599,0.7816270373244902,0.00547138865408509,0.46780490367765953
alt,0.0,0.15,robust_map_w0.5,2000,0.278,0.010017884008112692,-0.016770052861525463,0.0019018729125485278,0.0866709795916402,0.02265048237309577,0.0013161091883690257,0.9635,0.004193313129257102,13.697511421216676,0.17373942813381804,0.5,0.0,1.0,0.0,1.0,0.669,0.0,nan
alt,0.0,0.15,power_prior,2000,0.5525,0.011118537448783451,-0.012458065973179007,0.0014802145363513198,0.06734302131602027,0.01833849548474931,0.0005911882532155104,0.951,0.004826955562256609,229.3023,0.8803118861309505,0.5,0.0,1.0,0.0,1.0,0.669,0.0,nan
alt,0.0,0.15,uip_dirichlet,2000,0.3305,0.010518311413910506,-0.0027567071774755843,0.001904033665119504,0.0851743064901691,0.008637136689045885,0.0013233509686918145,0.966,0.004052406692324946,10.739368935621167,0.07993573129591641,0.5006043068322665,0.0017285808927067965,0.9984429496761336,0.0022658610271903325,0.9977341389728097,0.6691572400550987,0.0005334631601404708,0.2630980061896831
alt,0.0,0.15,uip_js,2000,0.3795,0.010850800661702343,0.0008848206365148937,0.0022322734161167937,0.09980926345564313,0.004995608875055409,0.0017559382317433782,0.9325,0.005609979946488223,9.089389986250156,0.053004045333915145,0.6402549999212467,0.005272975964490554,0.3331464872944694,0.7659869083585096,0.23401309164149042,0.7420921198668147,0.004750191661234784,0.22295258608619334
alt,0.0,0.15,pooling,2000,0.6095,0.010908935557605975,-0.01189090742222788,0.0014846816284220937,0.06743699633980137,0.017771336933798183,0.000608432596198046,0.9365,0.005452877680637995,764.341,2.9343729537698353,0.5,0.0,1.0,0.0,1.0,0.669,0.0,nan
alt,0.4,0.15,internal_only,2000,0.225,0.00933742469849155,-0.02111880513577673,0.0023517069708983342,0.1072451619357702,0.028021766616293204,0.0018359807856662119,0.943,0.005184158562389852,0.0,0.0,0.5,0.0,0.0,1.0,0.0,nan,0.0,nan
alt,0.4,0.15,rule,2000,0.2675,0.009898074307662071,-0.0174795101212925,0.001967186710516784,0.08967335478610146,0.02438247160180897,0.0013274032190128602,0.958,0.00448530935387962,18.94520399473332,0.09337274515005899,0.6699781182359308,0.003822884038542145,0.8350630414272237,0.42776112146503525,0.5722388785349648,0.5795928086676986,0.004453630260404987,0.35291434904345464
alt,0.4,0.15,two_head,2000,0.3015,0.010261524009619624,-0.015214674073953459,0.001858171642237997,0.0844608619974928,0.02211763555446993,0.001172450396630391,0.9615,0.004302194207610808,61.71255744007229,0.37905936749953895,0.6814921409030784,0.0037871397495004093,0.7975812676901964,0.4813224211976339,0.5186775788023661,0.5922929936305732,0.004497711633533574,0.3825066305740036
alt,0.4,0.15,two_head_pro,2000,0.2975,0.010222371300241445,-0.016944822178072385,0.0018344833234212033,0.08375213309166274,0.023847783658588858,0.0011344586112714524,0.96,0.004381780460041331,56.751394793285144,0.32468313632771717,0.7048247617544493,0.003749526108823253,0.8065014152157132,0.4887772465764525,0.5112227534235475,0.5984597759674134,0.004499719083017874,0.3790866452572121
alt,0.4,0.15,two_head_pro_sam,2000,0.2995,0.01024206400097168,-0.017186958882221055,0.0018949511026020763,0.08644929194876934,0.02408992036273753,0.0012294757253391074,0.9555,0.004610843198374891,55.78341270037288,0.3425504767599156,0.7048247617544493,0.003749526108823253,0.8065014152157132,0.4887772465764525,0.5112227534235475,0.5984597759674134,0.004499719083017874,0.3790866452572121
alt,0.4,0.15,two_head_pro_fixdisc,2000,0.2745,0.009978721110442961,-0.01874898746339661,0.001905177707958759,0.08721983161305506,0.02565194894391308,0.0012411447097982766,0.9605,0.004355441998236229,22.980051100728016,0.16089984098466875,0.6844161849146225,0.0038224082842947308,0.7438030705892443,0.5391783485941172,0.4608216514058828,0.6039417786753952,0.004487014613066099,0.39019418114454374
alt,0.4,0.15,robust_map_w0.5,2000,0.2265,0.009359427065798419,-0.027243097120310394,0.0019986403914956942,0.09342011885203459,0.03414605860082686,0.0013692225508814147,0.9555,0.004610843198374891,12.322556125495046,0.15283022226771772,0.5,0.0,1.0,0.0,1.0,0.4857916666666667,0.0,nan
alt,0.4,0.15,power_prior,2000,0.3325,0.010534318914861084,-0.044544283526957676,0.0015575076282141442,0.08266454735137999,0.05144724500747415,0.0006562411483635812,0.897,0.006796727153564427,229.6449,0.8645365369415299,0.5,0.0,1.0,0.0,1.0,0.4857916666666667,0.0,nan
alt,0.4,0.15,uip_dirichlet,2000,0.2695,0.009921435128044732,-0.014728801781775222,0.001984383582117366,0.0899364010047086,0.021631763262291694,0.0013555807646564535,0.9565,0.004561126505590477,10.509843630245035,0.07660720213743041,0.5036641857563733,0.0016157014312545301,0.9975984218200532,0.00210679847662264,0.9978932015233773,0.4857178651966926,0.00041274170474626,0.15187382284982193
alt,0.4,0.15,uip_js,2000,0.3825,0.010867238609692896,-0.00255677599622223,0.0022905715847541678,0.1024437736276657,0.009459737476738702,0.0017563953891219744,0.922,0.005996498978570745,9.09872096987504,0.05491601593780485,0.6531568226911977,0.0054195790339485305,0.3767046916545158,0.7542338546309051,0.2457661453690949,0.5915151515151515,0.0038755992571600658,0.2557142388798291
alt,0.4,0.15,pooling,2000,0.3715,0.010804807957571482,-0.04630938234467112,0.0015650474883417596,0.08390981349659808,0.05321234382518759,0.0006833715688144331,0.8705,0.007507654427316162,765.483,2.8817884564717664,0.5,0.0,1.0,0.0,1.0,0.4857916666666667,0.0,nan
alt,0.8,0.15,internal_only,2000,0.2245,0.009330052250657549,-0.023658686984055637,0.0022695562700996317,0.10419382856217291,0.0265218067804256,0.001765159153939445,0.948,0.0049646752159632785,0.0,0.0,0.5,0.0,0.0,1.0,0.0,nan,0.0,nan
alt,0.8,0.15,rule,2000,0.235,0.009480901855836289,-0.02645997860938769,0.001990327740532583,0.09283845158640676,0.029323098405757655,0.001380895413024145,0.9575,0.004510751046111944,19.00347304924493,0.09281811875392307,0.7073771265840989,0.0038817231781201984,0.9050722920123252,0.4140213340187637,0.5859786659812363,0.45577703509190737,0.003948385579250987,0.3769562360984731
alt,0.8,0.15,two_head,2000,0.248,0.009656500401284102,-0.025808744353369533,0.0019254282663059017,0.08987175322907857,0.028671864149739497,0.0012823306237301605,0.9575,0.004510751046111944,61.94271578128023,0.3821730603365143,0.7173780299706807,0.003863455241153325,0.8710594927707987,0.4717902583215525,0.5282097416784475,0.4720616570327553,0.004001704193533112,0.39713426699536536
alt,0.8,0.15,two_head_pro,2000,0.2315,0.009431536195127493,-0.028952694606430577,0.0019177773498847968,0.09050038995756766,0.031815814402800534,0.0012678215191952134,0.955,0.004635461142108735,56.20106455099634,0.31296154616668126,0.7197967599239584,0.0040760641392472065,0.882555107845461,0.46600693998200743,0.5339930600179925,0.47261534556070317,0.003998814821451918,0.3778649951365738
alt,0.8,0.15,two_head_pro_sam,2000,0.235,0.009480901855836289,-0.02787983505909191,0.0019520965090632798,0.09162333809426265,0.030742954855461874,0.0013214812194183153,0.9525,0.00475624589355933,55.0143076923736,0.33338176132803554,0.7197967599239584,0.0040760641392472065,0.882555107845461,0.46600693998200743,0.5339930600179925,0.47261534556070317,0.003998814821451918,0.3778649951365738
alt,0.8,0.15,two_head_pro_fixdisc,2000,0.2245,0.009330052250657549,-0.03000503534253081,0.001963666553016982,0.09278156510024112,0.032868155138900776,0.0013381740979051277,0.955,0.004635461142108735,22.756077337223235,0.15812164786516017,0.6877179979080105,0.00420670968492403,0.8133443944062574,0.5110525639377972,0.4889474360622028,0.4742260917634052,0.004007109098590176,0.352800110160389
alt,0.8,0.15,robust_map_w0.5,2000,0.183,0.008646126300257243,-0.03737084685108644,0.0020447082521352724,0.09876266012634112,0.0402339666474564,0.0014612918593010032,0.947,0.005009540897128201,8.323935924761795,0.08788084525445838,0.5,0.0,1.0,0.0,1.0,0.35158333333333336,0.0,nan
alt,0.8,0.15,power_prior,2000,0.161,0.008218241904446474,-0.08723081105245196,0.0016454582505841904,0.11411210528618483,0.09009393084882193,0.0008275867735148908,0.7585,0.009570207677997381,227.6541,0.8717352739157079,0.5,0.0,1.0,0.0,1.0,0.35158333333333336,0.0,nan
alt,0.8,0.15,uip_dirichlet,2000,0.21,0.00910768905925098,-0.03170872464778746,0.0019805922307324347,0.094058554326973,0.03457184444415744,0.001370559627589608,0.95,0.004873397172404485,10.859643106963574,0.07763322234880649,0.4962835046142207,0.001787939747974559,0.9979853045745437,0.00237758642847963,0.9976224135715204,0.35166624906038585,0.00039040785761418784,0.05935529456717445
alt,0.8,0.15,uip_js,2000,0.364,0.010758810343155975,-0.008313713915101661,0.0022455178553261283,0.1007411354204452,0.011176833711471624,0.0017255720427444506,0.9295,0.005724061058374553,9.24511776624538,0.05427873925982576,0.7274802184020149,0.005742463289592631,0.42818203365726476,0.7917362806837167,0.2082637193162833,0.5271374379924132,0.0032551003204486714,0.35489373416370257
alt,0.8,0.15,pooling,2000,0.178,0.008553244998244818,-0.09205301113345052,0.0016656131784999408,0.11840404179021982,0.0949161309298205,0.0008698469466392147,0.697,0.010275967107771414,758.847,2.9057842463856933,0.5,0.0,1.0,0.0,1.0,0.35158333333333336,0.0,nan
null,-0.4,0.0,internal_only,2000,0.018,0.0029728773940409987,-0.016101229816633755,0.0021278759103465707,0.09649058775541122,0.026143717079734036,0.0017830540761079657,0.9535,0.004708383480558906,0.0,0.0,0.5,0.0,0.0,1.0,0.0,nan,0.0,nan
null,-0.4,0.0,rule,2000,0.014,0.002627165773224065,0.002221833359772673,0.0017272368685205225,0.07725702295734534,0.007820653903327602,0.0012786777278631467,0.9745,0.00352489361541593,18.90832182666204,0.09369203262846258,0.6385193975125748,0.003936478205380014,0.7968604289710911,0.4201401365432986,0.5798598634567014,0.61368124962595,0.004678127043830797,0.30922488231071216
null,-0.4,0.0,two_head,2000,0.0165,0.0028484864401994267,0.00911083461705981,0.00162211958809915,0.07309527995466762,0.0009316526460404651,0.0011307290745529801,0.9745,0.00352489361541593,61.841720685428214,0.3930447793077394,0.6461713606665409,0.004021659465368594,0.752719925396332,0.4793388429752066,0.5206611570247934,0.6256297635964345,0.004734916257025983,0.3381841977899542
null,-0.4,0.0,two_head_pro,2000,0.018,0.0029728773940409987,0.010105567898147,0.0016045253517886467,0.0724468854403313,-6.308063504672454e-05,0.0011026104255439124,0.972,0.0036889022757454573,56.617091735092515,0.3301974343762464,0.6755070105157738,0.003939355413612697,0.7579266397264532,0.48589651455264105,0.514103485447359,0.6302016024812613,0.004737078342158606,0.3378067102553434
null,-0.4,0.0,two_head_pro_sam,2000,0.0185,0.003013117156700018,0.008626411661932995,0.0016899574482934243,0.07604913790483712,0.0014160756011672812,0.001218950542585758,0.9675,0.00396508196636589,55.52763206282794,0.3452176507072294,0.6755070105157738,0.003939355413612697,0.7579266397264532,0.48589651455264105,0.514103485447359,0.6302016024812613,0.004737078342158606,0.3378067102553434
null,-0.4,0.0,two_head_pro_fixdisc,2000,0.0145,0.0026729898989708138,0.004573230677896475,0.0016724195915464057,0.07491389745514218,0.0054692565852038,0.0012015595112720306,0.9745,0.00352489361541593,22.95117595298927,0.1692459051356128,0.6577247206487942,0.004049730354341937,0.7000310848616723,0.5390765361121093,0.46092346388789074,0.6371030483061036,0.004724469223472544,0.3586752866221394
null,-0.4,0.0,robust_map_w0.5,2000,0.0095,0.002169072382379159,-0.0038389506850488235,0.0017662176780724908,0.0790611648671297,0.0138814379481491,0.001318475332412476,0.9765,0.0033873108803297025,12.302329186693608,0.15210775785202194,0.5,0.0,1.0,0.0,1.0,0.5361666666666667,0.0,nan
null,-0.4,0.0,power_prior,2000,0.041,0.004433903472111228,0.017186190680953062,0.0013246094396141789,0.061666773022305464,-0.007143703417852785,0.0006008899205375948,0.9435,0.005162739098579358,228.56730000000002,0.8936393573503254,0.5,0.0,1.0,0.0,1.0,0.5361666666666667,0.0,nan
null,-0.4,0.0,uip_dirichlet,2000,0.021,0.0032061659345704488,0.01183654366184172,0.0017146452211057104,0.07757048553506499,-0.0017940563987414442,0.0012576219261751073,0.969,0.003875499967746099,11.90888065930969,0.09969207319252957,0.49996210420127546,0.0015997201934189905,0.9974354989120299,0.0024254401724757456,0.9975745598275243,0.5361319966583125,0.0004662097663211368,0.171782987535955
null,-0.4,0.0,uip_js,2000,0.0525,0.004987171041783107,0.00847614613950069,0.0020833758461412688,0.09353295906273673,0.0015663411235995867,0.0017305797750674502,0.9245,0.005907611615534657,9.257456343108272,0.05498526558276321,0.6229468880148024,0.004539618564404959,0.3269350326391048,0.7587136183974129,0.24128638160258709,0.6103293195995938,0.0040552603950542825,0.21280584795279966
null,-0.4,0.0,pooling,2000,0.066,0.005551756478809206,0.019567884275664787,0.0013359959734822015,0.06285608715236703,-0.009525397012564515,0.0006214720271611839,0.915,0.006235984284778145,761.891,2.978797857834418,0.5,0.0,1.0,0.0,1.0,0.5361666666666667,0.0,nan
null,-0.8,0.0,internal_only,2000,0.019,0.003052785613173647,-0.01605080532693602,0.0021183240013567793,0.09606109620713718,0.027273945781260488,0.001728278240413874,0.951,0.004826955562256609,0.0,0.0,0.5,0.0,0.0,1.0,0.0,nan,0.0,nan
null,-0.8,0.0,rule,2000,0.021,0.0032061659345704488,0.007129841655988888,0.0017874256255810948,0.08023353716271286,0.004093298798335573,0.0013157133640088047,0.968,0.003935479640399632,19.02985050811637,0.09355697085721046,0.6594664689563354,0.004086061586260764,0.8441795532646048,0.39249727668845313,0.6075027233115469,0.46836272640610105,0.004029128389290042,0.31435173988912285
null,-0.8,0.0,two_head,2000,0.026,0.003558370413546066,0.014868896786280143,0.0017178772111115677,0.0782325840966634,-0.003645756331955683,0.001224393078973638,0.964,0.0041655731898503495,62.0981991050675,0.3773901913662187,0.6585283424265675,0.0041403908440612045,0.8000429553264605,0.4451933551198257,0.5548066448801743,0.4775947176101032,0.00410075508215292,0.31736928873274267
null,-0.8,0.0,two_head_pro,2000,0.029,0.003752265982043384,0.017385425241841335,0.0016998362655968001,0.07796313376966044,-0.006162284787516876,0.0012009158176998944,0.9625,0.004248161366991606,56.64592129225463,0.3191345323371731,0.6735581126568034,0.004263365459927621,0.8061640893470791,0.4424019607843137,0.5575980392156863,0.47824425049372493,0.004098149606011664,0.3139052122460804
null,-0.8,0.0,two_head_pro_sam,2000,0.029,0.003752265982043384,0.015154848792144775,0.0017951562941295233,0.08167997977777729,-0.003931708337820316,0.0013293057754283513,0.9585,0.004459694496263168,55.11941173947727,0.34130742816571447,0.6735581126568034,0.004263365459927621,0.8061640893470791,0.4424019607843137,0.5575980392156863,0.47824425049372493,0.004098149606011664,0.3139052122460804
null,-0.8,0.0,two_head_pro_fixdisc,2000,0.0255,0.003524893615415932,0.011535437989824765,0.0017443096790631404,0.07883689635131086,-0.0003122975355003049,0.0012587076454546973,0.9645,0.0041376170678302255,22.9375968752338,0.1575823792374648,0.6393308845237974,0.004388120929880182,0.729918384879725,0.49611928104575165,0.5038807189542484,0.47872939850683194,0.004125490497183016,0.28706659691992986
null,-0.8,0.0,robust_map_w0.5,2000,0.0165,0.0028484864401994267,0.0005744811231315165,0.0018218027536733164,0.081455150910614,0.010648659331192946,0.0013540142780783897,0.9685,0.0039056209493497944,9.750639884198415,0.1204286266100412,0.5,0.0,1.0,0.0,1.0,0.388,0.0,nan
null,-0.8,0.0,power_prior,2000,0.093,0.0064942667022536114,0.03788975873339546,0.0013544206493832556,0.07143325522843658,-0.026666618279071002,0.0006402143578162014,0.8995,0.006723085229267885,229.8675,0.8802319359154737,0.5,0.0,1.0,0.0,1.0,0.388,0.0,nan
null,-0.8,0.0,uip_dirichlet,2000,0.031,0.003875499967746097,0.02059106087108718,0.0016986214328346492,0.07868758489873232,-0.009367920416762716,0.0011900886280962327,0.961,0.004328914413568374,13.999893433313826,0.14014429778563245,0.496990517466663,0.0017529684763621977,0.9969931271477663,0.0028594771241830064,0.997140522875817,0.38796489761805264,0.00044059560867527637,0.08121831424916852
null,-0.8,0.0,uip_js,2000,0.053,0.005009540897128199,0.010336558789157615,0.00209579425884447,0.09427173088915462,0.0008865816651668453,0.0017030401863292843,0.9225,0.005978869040211535,9.440541816770391,0.056386128654857114,0.6696255674037648,0.005121183348962144,0.36222079037800686,0.7729438997821351,0.22705610021786493,0.5028324388789505,0.003456680520584185,0.2756289407530157
null,-0.8,0.0,pooling,2000,0.1355,0.007653095778833557,0.04187809009774815,0.0013623417069936082,0.07391798366119719,-0.03065494964342369,0.0006589818287946725,0.8535,0.007906887820122402,766.225,2.9341064530515792,0.5,0.0,1.0,0.0,1.0,0.388,0.0,nan
null,-1.2,0.0,internal_only,2000,0.0135,0.0025804796065847916,-0.014699924012862313,0.0021121144086661773,0.0955702950152357,0.028148085124306846,0.0017257138482866016,0.961,0.004328914413568374,0.0,0.0,0.5,0.0,0.0,1.0,0.0,nan,0.0,nan
null,-1.2,0.0,rule,2000,0.021,0.0032061659345704488,0.010621602095031246,0.0018208029205617443,0.08209841447215653,0.0028265590164132824,0.0013539589721634528,0.9675,0.00396508196636589,18.90641510003858,0.09552577035512431,0.6657875035869892,0.004082597004181506,0.8540047313281514,0.3943000727368908,0.6056999272631092,0.45284033211875035,0.003973957455068736,0.3172665130084117
null,-1.2,0.0,two_head,2000,0.0275,0.0036567574434189644,0.017202176322074963,0.0017741711650484967,0.08116731997960724,-0.0037540152106304344,0.0012907758918779435,0.9615,0.004302194207610808,61.6979011142648,0.3936340077899038,0.6709190914895256,0.0041549424783936615,0.8120986819871578,0.44918336308933415,0.5508166369106658,0.46392946779072014,0.0040447937366392284,0.32801628643249603
null,-1.2,0.0,two_head_pro,2000,0.0315,0.0039056209493497957,0.02059756954609024,0.0017588840395718957,0.08129275691882311,-0.00714940843464571,0.0012733733175236699,0.9595,0.004407933189148855,55.934683377621354,0.32106352937237237,0.6706945524463086,0.004508583977925604,0.819758927565619,0.44078555842094824,0.5592144415790518,0.4625015889157239,0.004037233718021354,0.3000532044857019
null,-1.2,0.0,two_head_pro_sam,2000,0.0315,0.0039056209493497957,0.017474850302482147,0.0018711944558884278,0.0854669901651953,-0.004026689191037618,0.0014218397898384447,0.952,0.004779958158812692,53.81631785446709,0.3496603515565114,0.6706945524463086,0.004508583977925604,0.819758927565619,0.44078555842094824,0.5592144415790518,0.4625015889157239,0.004037233718021354,0.3000532044857019
null,-1.2,0.0,two_head_pro_fixdisc,2000,0.0245,0.003456859123539749,0.015617867099089942,0.0017880274637837252,0.08145431328667202,-0.0021697059876454126,0.0013151326274003568,0.9655,0.00408103847078167,22.66037403427264,0.1619948645712842,0.6365322618160676,0.00461003317721005,0.7434944237918215,0.4894531508298618,0.5105468491701382,0.4608616716709727,0.004064942328155396,0.2724941106440437
null,-1.2,0.0,robust_map_w0.5,2000,0.015,0.0027179955849853765,0.0034360754341695135,0.0018480842714231093,0.0826995897660804,0.010012085677275016,0.001393408640452648,0.9705,0.0037835003634200943,7.666134161500983,0.0829917699078298,0.5,0.0,1.0,0.0,1.0,0.369875,0.0,nan
null,-1.2,0.0,power_prior,2000,0.15,0.007984359711335657,0.052771550155456766,0.001370726168510149,0.08087482966694817,-0.03932338904401224,0.0006706835063624013,0.846,0.008071059410015517,228.147,0.8971981875783616,0.5,0.0,1.0,0.0,1.0,0.369875,0.0,nan
null,-1.2,0.0,uip_dirichlet,2000,0.035,0.004109440351191388,0.029481374689375724,0.001657091658687146,0.07973901824948126,-0.016033213577931197,0.0011323247657407667,0.9585,0.004459694496263168,16.702098155683228,0.17256262715478282,0.5000641887056839,0.0016351022597079978,0.9979722879351132,0.002115982278648416,0.9978840177213516,0.3698956158663883,0.00037366039664613195,0.08498679201636292
null,-1.2,0.0,uip_js,2000,0.066,0.005551756478809206,0.013069049958060271,0.0020885130670035,0.09428791991588299,0.00037911115338425827,0.0016956334836839037,0.9135,0.006285608562422576,9.422546265093661,0.05802604156868849,0.7363276835084411,0.005216265408138213,0.41185085051256054,0.8107518349533822,0.1892481650466178,0.5609082540656644,0.003185230258362857,0.37544684399712136
null,-1.2,0.0,pooling,2000,0.2105,0.009115639034099584,0.05772767981944321,0.0013816490654891,0.08454870988684447,-0.044279518707998684,0.0006989378126423906,0.7845,0.009194012997597948,760.49,2.9906606252612056,0.5,0.0,1.0,0.0,1.0,0.369875,0.0,nan
null,0.0,0.0,internal_only,2000,0.016,0.0028057084666800293,-0.01876843719352266,0.0021451795990384635,0.09773046333378717,0.02875060917052741,0.0018038726961620705,0.954,0.0046842288586276416,0.0,0.0,0.5,0.0,0.0,1.0,0.0,nan,0.0,nan
null,0.0,0.0,rule,2000,0.0095,0.002169072382379159,-0.007499410417411162,0.0017213377720350222,0.07732584046586452,0.01748158239441591,0.0012650994122122723,0.975,0.003491060010942237,18.948660696444666,0.09413655116308102,0.6503419347090433,0.004604937068539274,0.779109482705086,0.45979485880714194,0.5402051411928581,0.7462526766595289,0.005608288456167389,0.3530803920248121
null,0.0,0.0,two_head,2000,0.01,0.0022248595461286987,-0.002737858965618249,0.0015890969810180696,0.07110154057868243,0.012720030942622997,0.0010788651019582806,0.977,0.0033519397369284566,61.8487927549649,0.38834146168825795,0.6714850988541013,0.004500314058903353,0.7384338322051791,0.530834494111688,0.46916550588831196,0.7624390869453707,0.0056157987535595255,0.4087052297594314
null,0.0,0.0,two_head_pro,2000,0.01,0.0022248595461286987,-0.003002130737175868,0.0015706788805436617,0.07028947324023058,0.012984302714180619,0.0010472868603115684,0.977,0.0033519397369284566,56.89715934621908,0.3296758169333283,0.7036160061412586,0.004161746781697167,0.7411041420853257,0.5504622008357604,0.44953779916423964,0.770731077241023,0.005597779529191997,0.38155080247234796
null,0.0,0.0,two_head_pro_sam,2000,0.0105,0.002279226842593778,-0.0037745635865048086,0.0016275235156870723,0.07286469711529218,0.013756735563509558,0.0011369868040362336,0.9745,0.00352489361541593,56.142713194283324,0.34076995720956876,0.7036160061412586,0.004161746781697167,0.7411041420853257,0.5504622008357604,0.44953779916423964,0.770731077241023,0.005597779529191997,0.38155080247234796
null,0.0,0.0,two_head_pro_fixdisc,2000,0.0095,0.002169072382379159,-0.00686578458623003,0.001659558988307235,0.07451615216375244,0.01684795656323478,0.0011760592221502718,0.974,0.0035583704135460676,23.038953948043062,0.16616401323630442,0.70060714240165,0.00415601894774352,0.6829162267900392,0.6082056477143218,0.39179435228567816,0.7804272230501739,0.00549317254758568,0.4529952400738109
null,0.0,0.0,robust_map_w0.5,2000,0.0075,0.0019292161620720473,-0.014557055964216015,0.0017383438981049607,0.07907316267226662,0.024539227941220765,0.0012895583741966837,0.971,0.0037522659820433853,13.70486684317006,0.170788581142921,0.5,0.0,1.0,0.0,1.0,0.6709583333333333,0.0,nan
null,0.0,0.0,power_prior,2000,0.015,0.0027179955849853765,-0.010063207508226925,0.0013219557444901493,0.059955438111519585,0.020045379485231673,0.0005796962240772973,0.946,0.005053909377897473,228.29384999999996,0.8818565921471057,0.5,0.0,1.0,0.0,1.0,0.6709583333333333,0.0,nan
null,0.0,0.0,uip_dirichlet,2000,0.014,0.002627165773224065,-0.00040069056604277286,0.0017509403714650457,0.07828588078062093,0.010382862543047523,0.001303610901287168,0.973,0.0036242930345103184,10.719932390030444,0.08034638672153457,0.49961457179418045,0.0017857808597477388,0.9977022914984786,0.0022793465873116375,0.9977206534126883,0.6709542702025475,0.0005366345073320268,0.25802966016797346
null,0.0,0.0,uip_js,2000,0.0435,0.004561126505590478,0.0031699744162736448,0.0020920626128709202,0.09359019160236966,0.006812197560731105,0.0017415791962643798,0.93,0.005705260730238364,9.024879420859921,0.053446325563797484,0.6302407416517264,0.005243970456016743,0.33316773272061107,0.7564898062555401,0.24351019374445992,0.7361416026344676,0.00482979885523382,0.20640785404747103
null,0.0,0.0,pooling,2000,0.0195,0.0030919047527373806,-0.009439765674745984,0.0013326661930695425,0.06032687246255102,0.019421937651750733,0.0005971381275446921,0.9305,0.005686376262612245,760.9795,2.939521973823685,0.5,0.0,1.0,0.0,1.0,0.6709583333333333,0.0,nan
null,0.4,0.0,internal_only,2000,0.0215,0.003243281517229116,-0.01641339894941504,0.002173786264129094,0.09856656513536012,0.027319389874349162,0.0017770110943510983,0.9475,0.004987171041783106,0.0,0.0,0.5,0.0,0.0,1.0,0.0,nan,0.0,nan
null,0.4,0.0,rule,2000,0.012,0.002434748446965312,-0.013168970267529343,0.0018013361079046314,0.08160760083114467,0.02407496119246346,0.0012975989222279282,0.9665,0.004023540107914917,18.946157082986666,0.09256108305179314,0.6727582867364117,0.00377296505303239,0.834958157190924,0.42517527600934807,0.5748247239906519,0.5756944857533758,0.004437959438496001,0.3590395416979016
null,0.4,0.0,two_head,2000,0.01,0.0022248595461286987,-0.011230596320375852,0.0016916372052781141,0.07646265445195619,0.022136587245309973,0.0011465022480388143,0.971,0.0037522659820433853,61.91981732259322,0.3862654616379331,0.6820167598605099,0.0036787775593283036,0.7969113967733586,0.4845676525102748,0.5154323474897252,0.5908654768758396,0.004486365503749157,0.3863040823436097
null,0.4,0.0,two_head_pro,2000,0.0085,0.0020527725154044713,-0.012966178917876572,0.0016651677049561446,0.07557060264085887,0.02387216984281069,0.0011097553442165683,0.972,0.0036889022757454573,56.687389415609964,0.33214540541311516,0.7064365537818662,0.003750922497376852,0.8084720904149771,0.4929486662905955,0.5070513337094045,0.5982889612462491,0.004488057582801486,0.3826084282567461
null,0.4,0.0,two_head_pro_sam,2000,0.0115,0.0023840878758971955,-0.012694391319394108,0.001713722064253554,0.07766529054008182,0.02360038224432823,0.0011849981429447997,0.9665,0.004023540107914917,55.82651314152261,0.34787997141187416,0.7064365537818662,0.003750922497376852,0.8084720904149771,0.4929486662905955,0.5070513337094045,0.5982889612462491,0.004488057582801486,0.3826084282567461
null,0.4,0.0,two_head_pro_fixdisc,2000,0.0105,0.002279226842593778,-0.014839674518183429,0.0017429272724105436,0.07932697585407895,0.02574566544311755,0.001219747918808027,0.968,0.003935479640399632,22.953542604206003,0.1624961747210901,0.6855626728595479,0.0038509827619712445,0.7431627987231473,0.5435570956563784,0.45644290434362156,0.6033057851239669,0.004471440153950978,0.39187689371854617
null,0.4,0.0,robust_map_w0.5,2000,0.009,0.002111752826445368,-0.02215240338896138,0.0018194515255038229,0.0843102975879577,0.033058394313895505,0.001332293067238159,0.9615,0.004302194207610808,12.144375157202122,0.146570094547231,0.5,0.0,1.0,0.0,1.0,0.4829583333333333,0.0,nan
null,0.4,0.0,power_prior,2000,0.0035,0.0013205585939290994,-0.03967779689216736,0.0013991923520980075,0.0740800128463611,0.05058378781710149,0.000646141900044043,0.887,0.007079230184137255,227.96865,0.8681094995104709,0.5,0.0,1.0,0.0,1.0,0.4829583333333333,0.0,nan
null,0.4,0.0,uip_dirichlet,2000,0.016,0.0028057084666800293,-0.009858868814476902,0.0018280805767029835,0.08232625708450234,0.020764859739411026,0.001332592741531603,0.9645,0.0041376170678302255,10.462093447893755,0.07149814552341212,0.5018683110870611,0.0015239290464397139,0.9980157018376327,0.002659360141832541,0.9973406398581675,0.4831272970263949,0.00046231921435833787,0.14499620641305436
null,0.4,0.0,uip_js,2000,0.04,0.004381780460041329,0.00236828625624312,0.0021331345306004404,0.09540222412578123,0.008537704668691,0.0017297551054345887,0.927,0.005816829033072915,9.057460152781665,0.053414343571181404,0.6487723672739298,0.005418551267197696,0.34846001207833666,0.7640422274155855,0.23595777258441453,0.5797330271278887,0.0038116010037007263,0.2507898791586075
null,0.4,0.0,pooling,2000,0.0055,0.0016537457482938543,-0.041489908159279,0.001407392345883165,0.0753719984898317,0.05239589908421311,0.0006645769679645233,0.852,0.007940277073251286,759.8955,2.893698331701569,0.5,0.0,1.0,0.0,1.0,0.4829583333333333,0.0,nan
null,0.8,0.0,internal_only,2000,0.014,0.002627165773224065,-0.013773728993935539,0.002092882418227166,0.0945814415550463,0.026008513919567676,0.0017245376273852563,0.9595,0.004407933189148855,0.0,0.0,0.5,0.0,0.0,1.0,0.0,nan,0.0,nan
null,0.8,0.0,rule,2000,0.007,0.0018642692938521516,-0.016673377005166468,0.0017972701225803871,0.08206784454281185,0.028908161930798607,0.0013534813913038855,0.974,0.0035583704135460676,18.968696779018494,0.09634911441561989,0.7074856627525344,0.0037541211911818594,0.9073921729933012,0.4129494545219805,0.5870505454780195,0.4591733571216176,0.003955910609175554,0.37929430161792876
null,0.8,0.0,two_head,2000,0.006,0.0017268468374467957,-0.016055372070681116,0.0017277990569577993,0.07890100661712311,0.028290156996313258,0.0012639517324868248,0.972,0.0036889022757454573,61.91977972838248,0.39591771979260787,0.7209922175003083,0.0037501179412091075,0.8655541191679398,0.4689819895423149,0.5310180104576852,0.47238791610544545,0.004009525510344567,0.4040530091999271
null,0.8,0.0,two_head_pro,2000,0.005,0.0015771810295587506,-0.019302761536476858,0.0017159837669411806,0.0791129103209898,0.03153754646210899,0.001242613587161844,0.9715,0.003720735814324901,56.334018166357716,0.3280064110633973,0.7234947768126394,0.0040229856489861,0.8798918791867435,0.4656252017300368,0.5343747982699631,0.4749127814779575,0.004007758060158936,0.3844340159932736
null,0.8,0.0,two_head_pro_sam,2000,0.0085,0.0020527725154044713,-0.01848175323286043,0.0017478621722400855,0.08030295465724073,0.030716538158492568,0.0012850254474012699,0.9675,0.00396508196636589,55.38393537801627,0.3435722566730767,0.7234947768126394,0.0040229856489861,0.8798918791867435,0.4656252017300368,0.5343747982699631,0.4749127814779575,0.004007758060158936,0.3844340159932736
null,0.8,0.0,two_head_pro_fixdisc,2000,0.006,0.0017268468374467957,-0.020434174363739996,0.0017632285306079891,0.08143952485971782,0.032668959289372135,0.0013100496305872417,0.9705,0.0037835003634200943,22.83790231457228,0.16402950842239947,0.6914581800792915,0.004151420361889652,0.8083206017158303,0.5117164805370861,0.48828351946291393,0.47624982689378204,0.004016160017659391,0.35943980550179633
null,0.8,0.0,robust_map_w0.5,2000,0.0055,0.0016537457482938543,-0.027970891619728995,0.0018483406661287621,0.08724494742341928,0.040205676545361134,0.00141999261612916,0.964,0.0041655731898503495,8.27490445213394,0.0875830505134006,0.5,0.0,1.0,0.0,1.0,0.35454166666666664,0.0,nan
null,0.8,0.0,power_prior,2000,0.0,0.0,-0.07728603352483882,0.0014566155724211076,0.10106664682631968,0.08952081845047095,0.0008238426566317764,0.7465,0.009727223396221554,229.36425,0.8790907739039987,0.5,0.0,1.0,0.0,1.0,0.35454166666666664,0.0,nan
null,0.8,0.0,uip_dirichlet,2000,0.005,0.0015771810295587506,-0.02196723509632422,0.0017898825006470306,0.08298623060879431,0.03420202002195636,0.0013337499539894534,0.9675,0.00396508196636589,10.831376028247805,0.07335852859142052,0.49956239107800826,0.0017167530724288436,0.9985897285227406,0.0022593764121102574,0.9977406235878897,0.354736358702459,0.00038147264077431457,0.07902408276173312
null,0.8,0.0,uip_js,2000,0.0295,0.003783500363420096,0.0020335659937504003,0.0020574076544908402,0.09200953742905776,0.010201218931881736,0.0016845871161414272,0.9355,0.005492711079239468,9.221797244068608,0.05514853096771115,0.7325489713033617,0.005555665095373502,0.4237865789164414,0.7990446065457363,0.20095539345426372,0.5366870069950885,0.003219553295068441,0.3651683597459699
null,0.8,0.0,pooling,2000,0.0005,0.0004998749843710925,-0.0820459915017862,0.0014809561954223977,0.10543156071963641,0.09428077642741832,0.0008636128321971504,0.6785,0.010443604502277937,764.5475,2.9303025796799953,0.5,0.0,1.0,0.0,1.0,0.35454166666666664,0.0,nan
