scenario,method,n_replicates,bias,bias_mcse,empirical_se,rmse,rmse_mcse,coverage95,coverage95_mcse,interval_width,interval_width_mcse,reject_rate,reject_rate_mcse,calibration_rate,calibration_rate_mcse,type1,type1_mcse,power,power_mcse,oracle_spearman,oracle_spearman_mcse,oracle_kl,oracle_kl_mcse,ess_d000_005,ess_d005_010,ess_d010_020,ess_d020_plus,prior_ess,prior_ess_mcse,hist_mass,hist_mass_mcse,mean_nll,mean_nll_mcse,roc_auc,roc_auc_mcse,pr_auc,pr_auc_mcse,sensitivity,specificity,fpr,ppv,npv,f1,sensitivity_mcse,specificity_mcse,fpr_mcse,ppv_mcse,roc_auc_obs,oracle_spearman_obs
S1_exchangeable,weak_only,2000,0.009776317079231166,0.0016086279004454821,0.07194002671797725,0.07258344257538944,0.0013011255578051163,0.9515,0.004803527349771207,0.26956059524405507,0.0014370455774034658,nan,nan,0.0325,0.003965081966365891,0.0325,0.003965081966365891,0.689,0.010350821223458553,nan,nan,nan,nan,nan,nan,nan,nan,0.0,0.0,0.0,0.0,3.481949818813463,0.0051493396873934175,0.5,0.0,0.568723359315387,0.005548735911357053,0.0,1.0,0.0,nan,0.5512083333333333,nan,0.0,0.0,0.0,nan,0.5,nan
S1_exchangeable,eb_only,2000,0.0012599645999061477,0.001606320834606245,0.07183685159707522,0.07182994146976268,0.001302289534198377,0.947,0.005009540897128201,0.2658542027534418,0.0013769253078405896,nan,nan,0.0275,0.0036567574434189644,0.0275,0.0036567574434189644,0.668,0.010530337126607106,nan,nan,nan,nan,nan,nan,nan,nan,0.0,0.0,0.0,0.0,3.303801985112333,0.011714931877538377,0.5,0.0,0.568723359315387,0.005548735911357053,0.0,1.0,0.0,nan,0.5512083333333333,nan,0.0,0.0,0.0,nan,0.5,nan
S1_exchangeable,rule,2000,0.005785523589514014,0.0013873547131880944,0.06204438895186607,0.06229810374734578,0.0012061893595824488,0.962,0.004275277768753747,0.24902965844806008,0.0013764652719453166,nan,nan,0.024,0.00342227994179319,0.024,0.00342227994179319,0.7375,0.009838540288071193,0.2572266522249483,0.007708798372668982,2.107258420058264,0.0562365728972331,nan,nan,nan,nan,13.164912984631023,0.060401137095457885,0.8000000000000003,5.5146171449543824e-18,2.888616611827451,0.010408568864933227,0.6101323098015435,0.0049116270070473835,0.6330525955546649,0.005738072543179385,0.8268498746634482,0.26404112177791217,0.7359588782220878,0.4777384400815363,0.6519223590892124,0.6055825655322477,0.0036458326056985012,0.0038326490268308527,0.0038326490268308527,0.0036584141871683737,0.6365344084094084,0.2902471686513998
S1_exchangeable,rule_sam,2000,0.006031778811579297,0.0013942897232480744,0.062354532030241265,0.06263007246131723,0.0012171737117761237,0.961,0.004328914413568374,0.24893455857321653,0.001373870900808164,nan,nan,0.0245,0.003456859123539749,0.0245,0.003456859123539749,0.736,0.009856571412007322,0.2572266522249483,0.007708798372668982,2.107258420058264,0.0562365728972331,nan,nan,nan,nan,12.818187585407843,0.06780214379571804,0.778724897526405,0.0019738496833273836,2.8728344471388483,0.009580065251572326,0.6101323098015435,0.0049116270070473835,0.6330525955546649,0.005738072543179385,0.8268498746634482,0.26404112177791217,0.7359588782220878,0.4777384400815363,0.6519223590892124,0.6055825655322477,0.0036458326056985012,0.0038326490268308527,0.0038326490268308527,0.0036584141871683737,0.6365344084094084,0.2902471686513998
S1_exchangeable,two_head,2000,0.003927048645002808,0.001287680660370978,0.05758682979802653,0.05770620898797634,0.0012004201872268386,0.967,0.003994433626936366,0.2359396612015019,0.0014194822879771002,nan,nan,0.0185,0.003013117156700018,0.0185,0.003013117156700018,0.766,0.00946688966873492,0.19493862585551508,0.007166106602188894,2.214349675138855,0.056205618558544064,43.67145679327125,43.944939549401056,44.12155730871529,43.84360982777304,36.31996139265073,0.18502452399188896,0.8000000000000003,5.436918808840414e-18,2.8028417121511637,0.012444950497852866,0.6331135499595872,0.0047831928007249355,0.6433670965908763,0.005785539852019181,0.7332652492804753,0.4341975961901882,0.5658024038098117,0.5134239095104987,0.6665893002204943,0.6039611531696871,0.0042613022449452895,0.0043093581851960105,0.0043093581851960105,0.004029887357190797,0.6580676127551127,0.2326782632733058
S1_exchangeable,two_head_pro,2000,0.003998284726445994,0.00128160863136136,0.057315280405489395,0.05744027444249922,0.0011914850671920151,0.967,0.003994433626936366,0.23569628060075093,0.0014169347710349196,nan,nan,0.0195,0.0030919047527373806,0.0195,0.0030919047527373806,0.7675,0.009445733163709422,0.20828128973718268,0.00712249531662162,2.2247483109515023,0.056385322524312304,34.90118036481188,31.43102370204395,24.46976483502501,20.35155516875344,32.765523648353664,0.18153914862929532,0.8000000000000003,5.587926451181886e-18,2.802124662564843,0.012968259023204845,0.6499861227941797,0.004767928319032887,0.6530512087020933,0.005994036058278339,0.735122087085693,0.45808451130092975,0.5419154886990702,0.524822695035461,0.6799057556378324,0.6124216876788614,0.004251817310009932,0.0043318666354025094,0.0043318666354025094,0.004065675413098052,0.6741546452483953,0.24742683180037825
S1_exchangeable,two_head_pro_sam,2000,0.004284110331560949,0.0013085131748975147,0.05851848817049829,0.05866050504696371,0.0012468849200185108,0.965,0.00410944035119139,0.23548418285356695,0.0014055375394702568,nan,nan,0.021,0.0032061659345704488,0.021,0.0032061659345704488,0.768,0.009438643970401681,0.20828128973718268,0.00712249531662162,2.2247483109515023,0.056385322524312304,nan,nan,nan,nan,31.20725019412167,0.20907584199652202,0.7628861305774346,0.0028253860032722883,2.7671262111921986,0.011240979211253001,0.6499861227941797,0.004767928319032887,0.6530512087020933,0.005994036058278339,0.735122087085693,0.45808451130092975,0.5419154886990702,0.524822695035461,0.6799057556378324,0.6124216876788614,0.004251817310009932,0.0043318666354025094,0.0043318666354025094,0.004065675413098052,0.6741546452483953,0.24742683180037825
S1_exchangeable,two_head_pro_fixdisc,2000,0.005670522117113579,0.0013641238780011283,0.06100547441882306,0.06125326029030467,0.0011874625670379561,0.9635,0.004193313129257102,0.24672661476846058,0.0013643977431564247,nan,nan,0.0235,0.0033873108803297047,0.0235,0.0033873108803297047,0.7445,0.009752429184567299,0.23739724048993593,0.007237925847624573,2.1735239944920024,0.05648121385359837,15.286046511627898,15.382470906068159,15.445410764872506,15.348726114649699,13.23873477638785,0.07136627989737393,0.8000000000000003,5.467172055320377e-18,2.858748145041298,0.011221596070123968,0.6499152510523628,0.004740420372670256,0.6529560432261068,0.005966077974122431,0.7383715532448241,0.45793332829389977,0.5420666717061002,0.5258529489553029,0.6825146462370437,0.6142498551843986,0.004234985685977632,0.004331755854860615,0.004331755854860615,0.004060274068474807,0.6737409581159581,0.2740399409373768
S1_exchangeable,selective_pro,2000,0.002712171410279893,0.001255096924507609,0.05612964083099871,0.056181110573623835,0.0012316276095666028,0.9665,0.004023540107914917,0.22753708673341677,0.0013650324496059449,nan,nan,0.018,0.0029728773940409987,0.018,0.0029728773940409987,0.778,0.009292900515985306,0.19562187512187706,0.007104544592529756,2.1657123017478983,0.05614698012931917,43.674403388788534,43.949891210817015,44.12969661488357,43.85343561388948,43.860725864818164,0.20830378890744874,0.999999999995857,1.7031460949190398e-13,2.7122579749800773,0.015423287751365505,0.6462245586143032,0.0047708605541088795,0.6503523531684249,0.005963993202901587,0.7760653606907436,0.4017688411822511,0.5982311588177489,0.5136729552018682,0.6878478063931668,0.6181777843514272,0.004016814494611753,0.0042624483816065175,0.0042624483816065175,0.003918084056855311,0.6712024399524399,0.23553225859931395
S1_exchangeable,selective_base,2000,0.0039588616198926565,0.0012938509890932299,0.05786277528735602,0.05798361233054164,0.0011948081955393223,0.965,0.00410944035119139,0.2356124425531915,0.0013444268740498348,nan,nan,0.02,0.0031304951684997056,0.02,0.0031304951684997056,0.7665,0.00945985597141944,0.18845162504313986,0.007172339883463628,2.170064256808114,0.0560516485533496,26.12025942827214,26.25367293992039,26.071190525678865,25.782763808175197,27.337005955447022,0.1507070612264059,0.999999998859001,5.6163795736031264e-11,2.741473890228243,0.013689383708156682,0.6337750324782974,0.004799636413513906,0.6439080734721737,0.005805691398227459,0.7616748677003063,0.3953435633834757,0.6046564366165244,0.5063259890143801,0.6707708092856227,0.6082894639282271,0.004105269960175837,0.004250873372527562,0.004250873372527561,0.0039276929233949725,0.6574082472519973,0.2251741946497103
S1_exchangeable,selective_pro_fixdisc,2000,0.005057848681355025,0.0013411096808812288,0.05997624823466956,0.06017419389085353,0.0011880242733159493,0.964,0.0041655731898503495,0.24279999098873595,0.001325115427766248,nan,nan,0.0225,0.0033161536454151216,0.0225,0.0033161536454151216,0.751,0.009669513948487793,0.2268180951254047,0.00723828249197186,2.1445997314402576,0.05630108360212932,15.286046511627898,15.382470906068159,15.445410764872506,15.348726114649699,16.250259757765612,0.0831430971839706,0.999999999999437,4.390173460579036e-14,2.776542924756479,0.012849983777605165,0.6459054335387274,0.004750504112247323,0.650276415033205,0.005929024341138358,0.760282239346393,0.4228588706629375,0.5771411293370625,0.517505055611729,0.6841976516634051,0.6158300432412108,0.0041134811896966095,0.004295119259029469,0.004295119259029469,0.003972332055073607,0.6696026446026445,0.26316871248210466
S1_exchangeable,selective_pro_sam,2000,0.002413122412170779,0.0012957457900729808,0.05794751336324715,0.057983260581027485,0.0012774188361517206,0.965,0.00410944035119139,0.22944534080100126,0.001382724615026123,nan,nan,0.02,0.0031304951684997056,0.02,0.0031304951684997056,0.7735,0.009359427065798419,0.19562187512187706,0.007104544592529756,2.1657123017478983,0.05614698012931917,43.674403388788534,43.949891210817015,44.12969661488357,43.85343561388948,41.89943386903748,0.24757077318232926,0.9553111618489463,0.003280682129605444,2.666079901771509,0.01282324831133324,0.6462245586143032,0.0047708605541088795,0.6503523531684249,0.005963993202901587,0.7760653606907436,0.4017688411822511,0.5982311588177489,0.5136729552018682,0.6878478063931668,0.6181777843514272,0.004016814494611753,0.0042624483816065175,0.0042624483816065175,0.003918084056855311,0.6712024399524399,0.23553225859931395
S1_exchangeable,robust_map_w0.5,2000,0.009833355864221065,0.001474817745151424,0.06595585465163091,0.06666854252942733,0.0012240313352532446,0.95,0.004873397172404485,0.2562897831038798,0.0013411935699142326,nan,nan,0.0345,0.004081038470781672,0.0345,0.004081038470781672,0.728,0.009950276378071114,nan,nan,1.0406677810822562,0.013948496719472488,nan,nan,nan,nan,5.523609390303632,0.10349942677658086,0.5,0.0,3.090924669892603,0.008832484724481497,0.5,0.0,0.568723359315387,0.005548735911357053,1.0,0.0,1.0,0.44879166666666664,nan,0.6195392712317735,0.0,0.0,0.0,0.0032105146692626907,0.5,nan
S1_exchangeable,robust_map_w0.9,2000,0.00947116548618563,0.001427929335739086,0.06385894123557433,0.06454167931815367,0.0011909577811341256,0.947,0.005009540897128201,0.24653891764705885,0.0012621268868614594,nan,nan,0.035,0.004109440351191388,0.035,0.004109440351191388,0.7445,0.009752429184567299,nan,nan,1.0406677810822562,0.013948496719472488,nan,nan,nan,nan,9.942496902546536,0.18629896819784555,0.9000000000000002,4.9663100392403566e-18,2.906117715504301,0.012882797049157258,0.5,0.0,0.568723359315387,0.005548735911357053,1.0,0.0,1.0,0.44879166666666664,nan,0.6195392712317735,0.0,0.0,0.0,0.0032105146692626907,0.5,nan
S1_exchangeable,power_prior,2000,0.008810714182024103,0.002524226548366585,0.1128868430551469,0.11320201544004069,0.002354213005993577,0.486,0.011175956334918278,0.12253368610763454,0.000462211686284115,nan,nan,0.334,0.010546184144039966,0.334,0.010546184144039966,0.8525,0.007929178709046731,nan,nan,1.0406677810822562,0.013948496719472488,nan,nan,nan,nan,157.81125,0.6064063848365511,1.0,0.0,3.3914912157420174,0.05414479280337657,0.5,0.0,0.568723359315387,0.005548735911357053,1.0,0.0,1.0,0.44879166666666664,nan,0.6195392712317735,0.0,0.0,0.0,0.0032105146692626907,0.5,nan
S1_exchangeable,uip_dirichlet,2000,0.006490355946370862,0.0014887312924828768,0.06657808740445668,0.06687712704568617,0.0012443272545246194,0.932,0.005629209535982825,0.23678242127659577,0.0012628140369969386,nan,nan,0.044,0.0045860658521220555,0.044,0.0045860658521220555,0.731,0.009915618992276781,0.22023414422609927,0.007145831684108033,0.9985359901607239,0.014329087185326245,nan,nan,nan,nan,21.000075535967095,0.20939118811587523,1.0,0.0,2.9653853593355524,0.021512105730751102,0.5012457483445504,0.003902544113849785,0.5679186764438352,0.005520261891219423,0.9632346114566892,0.03681306221180739,0.9631869377881926,0.44880391054202534,0.551528878822197,0.6123111425873465,0.0018132496688485174,0.0016371661488365,0.0016371661488364991,0.0032712643710751535,0.5016746079246079,0.19946995845757431
S1_exchangeable,uip_js,2000,0.0004365039935814323,0.0015329494497726593,0.06855558351525132,0.06853983245410987,0.0012565534008692244,0.908,0.006462816723379983,0.22010803466833542,0.0013442165510557126,nan,nan,0.0475,0.004756245893559331,0.0475,0.004756245893559331,0.7555,0.00961040451802108,0.3544028570360659,0.0066933255431016634,2.2716481530492647,0.04529076519371181,nan,nan,nan,nan,14.620952218127156,0.10129463250456594,1.0,0.0,2.413920030855309,0.009563847445388346,0.7420676697894971,0.004656132347161705,0.7252354038532434,0.005301430235350984,0.39402098226719895,0.7767782901201905,0.2232217098798095,0.5896901486730582,0.611557459977385,0.4723953695458593,0.004708260191243246,0.0036203724101392717,0.0036203724101392717,0.005798186188132715,0.7523467093779593,0.3745452050319031
S1_exchangeable,pooling,2000,0.00884312901825166,0.0028389335470708605,0.12696096789710087,0.12723690013717495,0.002658501674969207,0.2705,0.009933019430163217,0.07218518460575718,0.0002778567649250291,nan,nan,0.4745,0.011165790388503629,0.4745,0.011165790388503629,0.87,0.007519973404208289,nan,nan,1.0406677810822562,0.013948496719472488,nan,nan,nan,nan,526.0375,2.0213546161218368,1.0,0.0,3.536469038075565,0.06199682269466154,0.5,0.0,0.568723359315387,0.005548735911357053,1.0,0.0,1.0,0.44879166666666664,nan,0.6195392712317735,0.0,0.0,0.0,0.0032105146692626907,0.5,nan
S2_trap_heavy,weak_only,2000,0.008222919519039003,0.0015895383901205278,0.07108631786310161,0.07154267509994888,0.0012492052733502122,0.953,0.004732388403332932,0.26865088986232794,0.0014874899392059646,nan,nan,0.0295,0.003783500363420096,0.0295,0.003783500363420096,0.6735,0.010485650909695592,nan,nan,nan,nan,nan,nan,nan,nan,0.0,0.0,0.0,0.0,3.4932307487095358,0.005096728580404472,0.5,0.0,0.4084877024454025,0.005000916532518412,0.0,1.0,0.0,nan,0.7437083333333333,nan,0.0,0.0,0.0,nan,0.5,nan
S2_trap_heavy,eb_only,2000,2.6946441649436602e-05,0.001570655449091211,0.07024184706796817,0.07022428958053464,0.0012064536735225241,0.954,0.0046842288586276416,0.26476931339173965,0.0014259648367769483,nan,nan,0.0225,0.0033161536454151216,0.0225,0.0033161536454151216,0.661,0.010584871279330704,nan,nan,nan,nan,nan,nan,nan,nan,0.0,0.0,0.0,0.0,3.296681892599012,0.011150825243015626,0.5,0.0,0.4084877024454025,0.005000916532518412,0.0,1.0,0.0,nan,0.7437083333333333,nan,0.0,0.0,0.0,nan,0.5,nan
S2_trap_heavy,rule,2000,0.0037295637342582024,0.001512790670983972,0.0676540555209536,0.06773988735203174,0.0011702588303303515,0.9555,0.004610843198374891,0.2588193146433041,0.0014407866327354518,nan,nan,0.0245,0.003456859123539749,0.0245,0.003456859123539749,0.6875,0.010364452469860624,0.051004215897357784,0.007446941140641065,4.9888495241956745,0.11828687950867402,nan,nan,nan,nan,13.071478814487437,0.06214336604578586,0.8000000000000003,5.5674749973676564e-18,3.183574486093247,0.010533742410022029,0.5074871862770799,0.005146851624844764,0.4197864264317743,0.0050985139726029615,0.76459112339457,0.24561600089640875,0.7543839991035912,0.2588617349185381,0.7517146776406035,0.3867757720300999,0.0054094508574552,0.003221941251618216,0.0032219412516182166,0.0032496006013562,0.552289145976032,0.11363461642397345
S2_trap_heavy,rule_sam,2000,0.004275957369123882,0.001521718143496777,0.06805330422907147,0.06817052443548365,0.0012003919833580752,0.9555,0.004610843198374891,0.2582875061326658,0.0014444645423755042,nan,nan,0.025,0.0034910600109422352,0.025,0.0034910600109422352,0.6905,0.010337063170939801,0.051004215897357784,0.007446941140641065,4.9888495241956745,0.11828687950867402,nan,nan,nan,nan,12.319020029340452,0.07572016837130352,0.7535110642338272,0.0028458302153971473,3.1476132594766786,0.00899411660714214,0.5074871862770799,0.005146851624844764,0.4197864264317743,0.0050985139726029615,0.76459112339457,0.24561600089640875,0.7543839991035912,0.2588617349185381,0.7517146776406035,0.3867757720300999,0.0054094508574552,0.003221941251618216,0.0032219412516182166,0.0032496006013562,0.552289145976032,0.11363461642397345
S2_trap_heavy,two_head,2000,0.0027361653404459727,0.0014705261359400854,0.06576392805304256,0.06580439488833198,0.0011821660850429624,0.9495,0.0048964145045124596,0.2501339431789737,0.0015173696679947142,nan,nan,0.0275,0.0036567574434189644,0.0275,0.0036567574434189644,0.6975,0.010271167168340705,0.09800765395011884,0.0075051968585553635,5.03863583407106,0.11816920850443764,43.78053961086615,44.40485771747317,43.606767041146746,43.527450512634,35.809946379140165,0.1924685159542319,0.8000000000000003,5.400219934225196e-18,3.1175693681934646,0.012829391209001112,0.5673251434997889,0.005492989394292714,0.48363595753096766,0.005653062991022201,0.6841164038367745,0.37189758529889627,0.6281024147011037,0.27291004604708474,0.7735695140426524,0.3901715345387112,0.00592728316481112,0.0036175951770661546,0.0036175951770661546,0.0035873663427330705,0.6130553084258051,0.16403139473749898
S2_trap_heavy,two_head_pro,2000,0.0027507770687382432,0.0014714436033511056,0.0658049584430062,0.06584598836595762,0.001187582877230265,0.952,0.004779958158812692,0.2500663722152691,0.0014890334386308622,nan,nan,0.026,0.003558370413546066,0.026,0.003558370413546066,0.699,0.010256680749638258,0.1080686241231754,0.007589824912751879,5.036481978873729,0.11815192765500268,34.299906459668485,32.256649502155106,28.564840921641725,25.353886545003803,31.486497094718633,0.1875034046593616,0.8000000000000003,5.469709091652648e-18,3.108879084524994,0.013244971006339236,0.5750686362166859,0.005530709256285155,0.49077206843058746,0.0058580660778015615,0.6894813851406275,0.38943358171326126,0.6105664182867387,0.28013739348702027,0.7844487078207877,0.39840300610615315,0.005899731258262414,0.0036498600458613672,0.0036498600458613672,0.0036497385481068186,0.6197345749355166,0.1732625494730057
S2_trap_heavy,two_head_pro_sam,2000,0.0033512991930714576,0.001481387981900609,0.0662496845716198,0.06631785130541912,0.0012121780679331467,0.9505,0.004850244839180801,0.24898773942428035,0.0014781505647036947,nan,nan,0.028,0.0036889022757454555,0.028,0.0036889022757454555,0.699,0.010256680749638258,0.1080686241231754,0.007589824912751879,5.036481978873729,0.11815192765500268,nan,nan,nan,nan,28.9119670327106,0.22205150669902649,0.7357220917467032,0.0035606896540965097,3.048809396158596,0.010815598210678437,0.5750686362166859,0.005530709256285155,0.49077206843058746,0.0058580660778015615,0.6894813851406275,0.38943358171326126,0.6105664182867387,0.28013739348702027,0.7844487078207877,0.39840300610615315,0.005899731258262414,0.0036498600458613672,0.0036498600458613672,0.0036497385481068186,0.6197345749355166,0.1732625494730057
S2_trap_heavy,two_head_pro_fixdisc,2000,0.003894426768996294,0.0014980410462479984,0.06699443224990861,0.06709080701087465,0.001173325852141526,0.9545,0.004659922209651143,0.2565525590738423,0.0014244656758555954,nan,nan,0.026,0.003558370413546066,0.026,0.003558370413546066,0.6905,0.010337063170939801,0.1128821440684826,0.007664055427517022,5.010921573379919,0.11844150505190586,15.324639005666247,15.543694444444457,15.265431828145552,15.237947332883175,13.004488928418478,0.07326337009349825,0.8000000000000003,5.4815330686942316e-18,3.132861817344198,0.011483000294550506,0.57247497626487,0.005527409153762477,0.48766031468750143,0.005776081687277453,0.692245163388067,0.37951705977925937,0.6204829402207406,0.2777016891671558,0.7815853236413984,0.3963880096816235,0.005885177216429835,0.003632232410196698,0.003632232410196698,0.0036168791039436834,0.6175687919956478,0.1777975622665974
S2_trap_heavy,selective_pro,2000,0.000502681248268257,0.0014760968600913366,0.0660130584107645,0.06599846746129788,0.001179113676925315,0.94,0.005310367218940704,0.24352888147684607,0.0014979212790029019,nan,nan,0.0275,0.0036567574434189644,0.0275,0.0036567574434189644,0.6975,0.010271167168340705,0.10141516749957998,0.007566836982790777,5.008420437507821,0.11818204249558083,43.78466854486946,44.410534769948804,43.61549313728717,43.5369578363305,43.290605831948476,0.2173787374819445,0.9999999999878466,4.934455280814093e-13,3.089859258171878,0.01759155462371974,0.5723492794636411,0.005547053888797927,0.4897177945261363,0.005844146499312582,0.7260608031214437,0.3303826544904476,0.6696173455095524,0.27201851626263857,0.7777631231864943,0.39576410120076216,0.005686443408918846,0.0035205865203338377,0.0035205865203338377,0.003472955947859109,0.6179779984945105,0.16816339780544048
S2_trap_heavy,selective_base,2000,0.001554373071038444,0.0014756794590607986,0.06599439166920128,0.06599619820539679,0.0011616742942546626,0.9505,0.004850244839180801,0.24835144618272842,0.001464795775842708,nan,nan,0.0265,0.0035915003828483716,0.0265,0.0035915003828483716,0.696,0.010285523807760108,0.09516715671291043,0.007516604951581954,5.013359364241295,0.11821603646728564,27.263301686580235,27.527873109944704,26.663054742388493,26.51823486644287,28.472317088730442,0.1745992713135922,0.9999999970491765,1.8076378483980175e-10,3.0928505259766097,0.015830144777791117,0.567156867134704,0.005518400393742854,0.483348734512826,0.005667077255586203,0.7120793366932207,0.3366575158272172,0.6633424841727829,0.27003699136868065,0.7723650385604113,0.3915783827276385,0.005773348120475862,0.0035371715143512057,0.0035371715143512053,0.003486074239638091,0.6129264990175198,0.16157552324592356
S2_trap_heavy,selective_pro_fixdisc,2000,0.0027739360836719017,0.0014908592136548531,0.06667325093228268,0.06671427470999361,0.0011582246380840255,0.9535,0.004708383480558906,0.25363512015018774,0.001403491478398571,nan,nan,0.025,0.0034910600109422352,0.025,0.0034910600109422352,0.693,0.010313849911647929,0.10894474672851626,0.007610831567380567,4.993816840480875,0.118432697298324,15.324639005666247,15.543694444444457,15.265431828145552,15.237947332883175,16.006700250675593,0.08601375142362613,0.9999999999987245,8.564840552702682e-14,3.097667338086769,0.014179417462939116,0.5714355638779398,0.005518467050176756,0.48605729424646166,0.00572088445682607,0.712729637457324,0.3429884027116365,0.6570115972883634,0.2721122214635963,0.7760172391938142,0.39385499955080405,0.005769457213493419,0.003553197033817158,0.003553197033817159,0.003506267036914509,0.6163278527634423,0.17350450375086218
S2_trap_heavy,selective_pro_sam,2000,0.0003896650271944823,0.0014755036030567464,0.06598652714961503,0.06597117926199035,0.001192989130063714,0.9445,0.005119558086397692,0.24410823992490613,0.0014689473942917015,nan,nan,0.0275,0.0036567574434189644,0.0275,0.0036567574434189644,0.7005,0.01024206400097168,0.10141516749957998,0.007566836982790777,5.008420437507821,0.11818204249558083,43.78466854486946,44.410534769948804,43.61549313728717,43.5369578363305,39.05682918305254,0.27702365842028764,0.9029860195018653,0.004488938660747768,2.988225952670733,0.012648730968671812,0.5723492794636411,0.005547053888797927,0.4897177945261363,0.005844146499312582,0.7260608031214437,0.3303826544904476,0.6696173455095524,0.27201851626263857,0.7777631231864943,0.39576410120076216,0.005686443408918846,0.0035205865203338377,0.0035205865203338377,0.003472955947859109,0.6179779984945105,0.16816339780544048
S2_trap_heavy,robust_map_w0.5,2000,0.009098536804905234,0.0015471809470922187,0.06919203542381414,0.06977053367430638,0.0011841154287964351,0.9575,0.004510751046111944,0.2651860010012516,0.0013225569574267417,nan,nan,0.0295,0.003783500363420096,0.0295,0.003783500363420096,0.6845,0.010391336535787877,nan,nan,1.514685844262174,0.01319076828465926,nan,nan,nan,nan,2.7426303954838627,0.03496640286658896,0.5,0.0,3.326548826628492,0.008276232066882131,0.5,0.0,0.4084877024454025,0.005000916532518412,1.0,0.0,1.0,0.25629166666666664,nan,0.4080130012271566,0.0,0.0,0.0,0.0028181424752832087,0.5,nan
S2_trap_heavy,robust_map_w0.9,2000,0.009883666221587597,0.0015363820368801953,0.06870909347747411,0.06939932214879897,0.0011413242368033538,0.952,0.004779958158812692,0.2610773110137672,0.00121040774831906,nan,nan,0.0325,0.003965081966365891,0.0325,0.003965081966365891,0.697,0.010275967107771414,nan,nan,1.514685844262174,0.01319076828465926,nan,nan,nan,nan,4.936734711870953,0.06293952515986015,0.9000000000000002,4.9663100392403566e-18,3.2652451736606025,0.013195864293033589,0.5,0.0,0.4084877024454025,0.005000916532518412,1.0,0.0,1.0,0.25629166666666664,nan,0.4080130012271566,0.0,0.0,0.0,0.0028181424752832087,0.5,nan
S2_trap_heavy,power_prior,2000,0.02144065041351527,0.0035728230168146037,0.15978150274346656,0.16117402099843978,0.002285043206122095,0.292,0.01016700545883595,0.13086618698372968,0.0003271037192347368,nan,nan,0.4505,0.011125415722569651,0.4505,0.011125415722569651,0.7645,0.009487880427155478,nan,nan,1.514685844262174,0.01319076828465926,nan,nan,nan,nan,157.46189999999999,0.6101749141909669,1.0,0.0,4.778119216974577,0.07844680945247874,0.5,0.0,0.4084877024454025,0.005000916532518412,1.0,0.0,1.0,0.25629166666666664,nan,0.4080130012271566,0.0,0.0,0.0,0.0028181424752832087,0.5,nan
S2_trap_heavy,uip_dirichlet,2000,0.008273410172469131,0.001804939013988304,0.08071932661038583,0.08112213754254655,0.001249333243969088,0.897,0.006796727153564427,0.2513564770963705,0.0010893215954364025,nan,nan,0.061,0.005351588549206675,0.061,0.005351588549206675,0.6815,0.010417719280149566,0.07915375416991807,0.006838667382930324,1.485159255774121,0.014087917799593074,nan,nan,nan,nan,27.220017114558864,0.3059075148021335,1.0,0.0,3.558629353244786,0.02845141000345917,0.5010640479168849,0.004330938929849089,0.41280907413442874,0.0051180794648566135,0.9634205820191839,0.037200963639419576,0.9627990363605804,0.2564146943014149,0.7469066366704162,0.4050304148725309,0.002393610559486701,0.00141656978308362,0.0014165697830836206,0.0028722847040969397,0.5013829822252994,0.06249998423035007
S2_trap_heavy,uip_js,2000,-0.0005889383217945564,0.00158867160345532,0.07104755398499371,0.0710322314033133,0.001243326542971721,0.891,0.006968464680257768,0.22073556871088862,0.0013183589570438044,nan,nan,0.049,0.0048269555622566076,0.049,0.0048269555622566076,0.724,0.009995599031573845,0.42623098719603125,0.006073395072154818,2.2874050964678383,0.04607747859211671,nan,nan,nan,nan,15.554358259291785,0.12309372108835723,1.0,0.0,2.4345174255980484,0.010040063484371366,0.7987509199167,0.0041382335783317625,0.6629100348458251,0.005973450503758034,0.49764265973012517,0.7903524006947168,0.2096475993052832,0.4499485521093635,0.8203174972378904,0.47259533734753745,0.0063751779832005705,0.003046831173724162,0.003046831173724162,0.006031604408164902,0.8261779047361743,0.45505064690222835
S2_trap_heavy,pooling,2000,0.0235056686190745,0.004052811241236273,0.1812472287075921,0.18272013871616577,0.0025958326683905874,0.168,0.008359904305672404,0.07741567772215267,0.00019805380936976555,nan,nan,0.5085,0.01117872421164419,0.5085,0.01117872421164419,0.7815,0.009240068993248914,nan,nan,1.514685844262174,0.01319076828465926,nan,nan,nan,nan,524.873,2.0339163806365566,1.0,0.0,5.089877994854883,0.08916399019914549,0.5,0.0,0.4084877024454025,0.005000916532518412,1.0,0.0,1.0,0.25629166666666664,nan,0.4080130012271566,0.0,0.0,0.0,0.0028181424752832087,0.5,nan
S3_hidden_gem,weak_only,2000,0.011591374135875833,0.0015622441472060357,0.06986568221207769,0.070803480836336,0.0012874496302840966,0.958,0.00448530935387962,0.27280712978723404,0.0014560870393042638,nan,nan,0.0275,0.0036567574434189644,0.0275,0.0036567574434189644,0.68,0.010430723848324237,nan,nan,nan,nan,nan,nan,nan,nan,0.0,0.0,0.0,0.0,3.479414821707462,0.005234389026922476,0.5,0.0,0.4468335799229735,0.005465893923796466,0.0,1.0,0.0,nan,0.7049583333333334,nan,0.0,0.0,0.0,nan,0.5,nan
S3_hidden_gem,eb_only,2000,0.002660925456146627,0.0015458857350954466,0.06913411178241302,0.06916802855019347,0.001263999466332584,0.959,0.00443390347211123,0.26903504330413014,0.0013962723428785214,nan,nan,0.0225,0.0033161536454151216,0.0225,0.0033161536454151216,0.6635,0.010565693304274926,nan,nan,nan,nan,nan,nan,nan,nan,0.0,0.0,0.0,0.0,3.312435890103744,0.011563017807976212,0.5,0.0,0.4468335799229735,0.005465893923796466,0.0,1.0,0.0,nan,0.7049583333333334,nan,0.0,0.0,0.0,nan,0.5,nan
S3_hidden_gem,rule,2000,0.006444142691935034,0.0014586464798412677,0.06523265368131703,0.06553394869674427,0.00122927482379534,0.9685,0.0039056209493497944,0.2599586361702128,0.0014445870397959497,nan,nan,0.0175,0.002932042803234632,0.0175,0.002932042803234632,0.7125,0.010120369311443136,0.10849429341301228,0.007631296239878819,4.907021481855191,0.11507350948517657,nan,nan,nan,nan,13.049860361610392,0.07130563718438587,0.8000000000000003,5.447682190812942e-18,3.0759820213398963,0.011232107869666628,0.5636977396645152,0.0054839274785616395,0.5200242056486575,0.0058999342844533635,0.6292896483547522,0.4224835983214138,0.5775164016785862,0.31320728192872704,0.7314028445717794,0.41824666791815285,0.005739781410551532,0.0037975171418321027,0.0037975171418321027,0.0038884104396538755,0.6089136124845529,0.17511764358836285
S3_hidden_gem,rule_sam,2000,0.00728501332797515,0.0014675064220731004,0.06562888234345901,0.06601566512382903,0.0012418305361830805,0.968,0.003935479640399632,0.2594268276595745,0.001440127057963345,nan,nan,0.018,0.0029728773940409987,0.018,0.0029728773940409987,0.7145,0.010099251209866997,0.10849429341301228,0.007631296239878819,4.907021481855191,0.11507350948517657,nan,nan,nan,nan,12.368152466484602,0.08228738833280846,0.7582408263141864,0.0027894975561543055,3.041692041440324,0.009703223122739312,0.5636977396645152,0.0054839274785616395,0.5200242056486575,0.0058999342844533635,0.6292896483547522,0.4224835983214138,0.5775164016785862,0.31320728192872704,0.7314028445717794,0.41824666791815285,0.005739781410551532,0.0037975171418321027,0.0037975171418321027,0.0038884104396538755,0.6089136124845529,0.17511764358836285
S3_hidden_gem,two_head,2000,0.004633334390251889,0.0014039928976308275,0.06278847118058868,0.0629435358453186,0.001242953064539116,0.9685,0.0039056209493497944,0.24847344931163956,0.0015448673746670054,nan,nan,0.0195,0.0030919047527373806,0.0195,0.0030919047527373806,0.723,0.010006772706522319,0.1344597074405946,0.007457580990821399,4.9317424872827615,0.11512811807961548,43.461752555680775,43.24742954847875,43.42024764580981,44.11121790305557,35.94653602908128,0.22045536063473448,0.8000000000000003,5.446267171648104e-18,2.9948073518136145,0.013789108468926652,0.5945351085159092,0.005534337493365013,0.5523181397994243,0.006065982742073541,0.5884762039259992,0.5303504935279862,0.46964950647201376,0.3440105671592504,0.7548582485067721,0.4341981869334167,0.005848097873799654,0.003836905284499533,0.003836905284499533,0.004316268519486003,0.6406725962665,0.2054332906792094
S3_hidden_gem,two_head_pro,2000,0.004580951208112754,0.0013989780830390478,0.06256420185415314,0.0627160850814327,0.0012366855812588485,0.9695,0.0038451105315712303,0.24857543141426783,0.0015225100918933316,nan,nan,0.018,0.0029728773940409987,0.018,0.0029728773940409987,0.723,0.010006772706522319,0.14206363393622132,0.007478686927602176,4.931918656263236,0.11505364320316987,32.762044850757036,29.51145438235597,25.298408053839648,21.070003715974757,31.801264800537677,0.21625182814079386,0.8000000000000003,5.544724468664239e-18,2.988154866979635,0.014014466383048863,0.6000383657484691,0.005518921274849644,0.5563559266079375,0.006194515385124579,0.5979381443298969,0.5309415450085703,0.46905845499142973,0.3479046836483155,0.7593406593406593,0.43987325333748895,0.0058267618602125155,0.003836626249035815,0.003836626249035815,0.004317579957821759,0.6461916691584543,0.21403734509557676
S3_hidden_gem,two_head_pro_sam,2000,0.005761947177848763,0.0014144626828254876,0.06325669420869029,0.06350282429003425,0.0012479435143790698,0.9685,0.0039056209493497944,0.24755373341677098,0.001501401891527497,nan,nan,0.0185,0.003013117156700018,0.0185,0.003013117156700018,0.7245,0.009989988738732391,0.14206363393622132,0.007478686927602176,4.931918656263236,0.11505364320316987,nan,nan,nan,nan,29.33724429657328,0.2473655372794784,0.7387117349292791,0.003556765843068942,2.928817323945792,0.011524632115709076,0.6000383657484691,0.005518921274849644,0.5563559266079375,0.006194515385124579,0.5979381443298969,0.5309415450085703,0.46905845499142973,0.3479046836483155,0.7593406593406593,0.43987325333748895,0.0058267618602125155,0.003836626249035815,0.003836626249035815,0.004317579957821759,0.6461916691584543,0.21403734509557676
S3_hidden_gem,two_head_pro_fixdisc,2000,0.006366558565566936,0.0014279622781536547,0.0638604144651407,0.06416109823998117,0.0012190259298408754,0.9685,0.0039056209493497944,0.25628978310387984,0.0014248406529085457,nan,nan,0.018,0.0029728773940409987,0.018,0.0029728773940409987,0.7175,0.010067118505312231,0.15368037414786628,0.007504168667937236,4.892690679802984,0.11537537482428538,15.218136160714261,15.144485384426424,15.209416806020092,15.452856981855051,13.032089794436994,0.08350567899308282,0.8000000000000003,5.454186550613422e-18,3.013199739247063,0.012094845707302114,0.6036558983862905,0.0055117488731293105,0.5581918055302135,0.00613099683684556,0.5990679282587206,0.5352562208168331,0.4647437791831669,0.3504337050805452,0.7613282891971417,0.44219743563014696,0.005824063973548735,0.003834425543699503,0.003834425543699503,0.004336429390818017,0.6486380539756702,0.22251040189906662
S3_hidden_gem,selective_pro,2000,0.001477048236635955,0.0014224001786566044,0.06361166981368026,0.06361291524297395,0.0013329061744449728,0.9575,0.004510751046111944,0.24075409236545683,0.0015153842567965903,nan,nan,0.0185,0.003013117156700018,0.0185,0.003013117156700018,0.7255,0.00997872111044296,0.14099447193499937,0.007450646220515269,4.858712404035386,0.11531571683439326,43.480379506679284,43.26994521438206,43.45545902054251,44.15099614757687,43.52376310237433,0.24376864130538478,0.9999999999223294,3.4382789395012407e-12,2.9655765972453745,0.020615779861669698,0.6014216367429874,0.00551754201898013,0.5576073037331735,0.006163521102291598,0.6377630278209292,0.4755600212778533,0.5244399787221468,0.33729180670699827,0.7582697201017812,0.4412310698583292,0.005711875856195038,0.003839398750755988,0.0038393987507559877,0.0040859212786282725,0.6489983178132441,0.21482935109900902
S3_hidden_gem,selective_base,2000,0.0026498329204393237,0.001417710484817241,0.0634019403293107,0.06344145134696208,0.0012840388328091872,0.9625,0.004248161366991606,0.24458811889862328,0.0014882098130174156,nan,nan,0.0195,0.0030919047527373806,0.0195,0.0030919047527373806,0.7235,0.010001193678756551,0.13816303505005006,0.0074667018309392125,4.860238876543515,0.11539279571687361,30.90579401472899,30.09832446887441,29.542928789306295,29.34562040481523,33.197990144389145,0.23153073217394285,0.999999981224613,1.2247459904383832e-09,2.9665550574733457,0.018786993304380425,0.5977229131691957,0.005558677035270161,0.5553144427756591,0.006087184898615504,0.629854540319164,0.4786925941249483,0.5213074058750518,0.3358433734939759,0.7555037313432836,0.43809243160944944,0.00573798023901651,0.003840501653382677,0.0038405016533826766,0.00409830814687342,0.6420286785359912,0.20609988629265777
S3_hidden_gem,selective_pro_fixdisc,2000,0.004842672810699583,0.0014211943797668347,0.06355774484798589,0.06372612193322362,0.0012315253181894893,0.9655,0.00408103847078167,0.25260153466833546,0.0013958225984562176,nan,nan,0.018,0.0029728773940409987,0.018,0.0029728773940409987,0.7155,0.010088601241004622,0.15140575779632542,0.007478129775733957,4.851135400952037,0.11551438426332047,15.218136160714261,15.144485384426424,15.209416806020092,15.452856981855051,16.057830320959795,0.09673583526167803,0.9999999999580239,4.953608690583544e-12,2.967331258760725,0.015456423465955679,0.6031442049790361,0.005508170694047958,0.5575060413177446,0.00609328704706201,0.6225109447818105,0.49937939594538683,0.5006206040546132,0.34228917533778536,0.7596655277827729,0.44170549626734806,0.005760741407418877,0.0038439906672996875,0.0038439906672996875,0.0041810933782421905,0.6477272612216571,0.21989354876085734
S3_hidden_gem,selective_pro_sam,2000,0.00272282080695699,0.0014114782690450014,0.06312322716696721,0.06316615620896493,0.0012617534894592474,0.9635,0.004193313129257102,0.2420022782227785,0.0014922499221620773,nan,nan,0.0205,0.00316857617866448,0.0205,0.00316857617866448,0.7285,0.009944539959193687,0.14099447193499937,0.007450646220515269,4.858712404035386,0.11531571683439326,43.480379506679284,43.26994521438206,43.45545902054251,44.15099614757687,40.13153766143939,0.296324011241981,0.9218550711106124,0.004299951996268695,2.8594901183603922,0.013328600422654878,0.6014216367429874,0.00551754201898013,0.5576073037331735,0.006163521102291598,0.6377630278209292,0.4755600212778533,0.5244399787221468,0.33729180670699827,0.7582697201017812,0.4412310698583292,0.005711875856195038,0.003839398750755988,0.0038393987507559877,0.0040859212786282725,0.6489983178132441,0.21482935109900902
S3_hidden_gem,robust_map_w0.5,2000,0.01241555207659097,0.0015108266193694876,0.0675662204625275,0.06868083782164874,0.0012269339190745547,0.9585,0.004459694496263168,0.26781063241551945,0.0013095865643425798,nan,nan,0.0295,0.003783500363420096,0.0295,0.003783500363420096,0.7,0.010246950765959599,nan,nan,1.4266617575356335,0.015049432690862575,nan,nan,nan,nan,3.068892375157968,0.04157972118041715,0.5,0.0,3.2555370675924875,0.007875594966313754,0.5,0.0,0.4468335799229735,0.005465893923796466,1.0,0.0,1.0,0.29504166666666665,nan,0.4556481451690743,0.0,0.0,0.0,0.0029438642518325453,0.5,nan
S3_hidden_gem,robust_map_w0.9,2000,0.012447061908189732,0.0014996376938712847,0.06706583650234425,0.06819462488123677,0.0012156819815235993,0.956,0.004586065852122058,0.26225667459324153,0.0012098452922511234,nan,nan,0.03,0.00381444622455213,0.03,0.00381444622455213,0.711,0.010136049526319415,nan,nan,1.4266617575356335,0.015049432690862575,nan,nan,nan,nan,5.524006275284343,0.07484349812475087,0.9000000000000002,4.9663100392403566e-18,3.1510136774274318,0.01208862396202668,0.5,0.0,0.4468335799229735,0.005465893923796466,1.0,0.0,1.0,0.29504166666666665,nan,0.4556481451690743,0.0,0.0,0.0,0.0029438642518325453,0.5,nan
S3_hidden_gem,power_prior,2000,0.013866912701348858,0.003189273752344409,0.14262865818195855,0.14326567605531132,0.002247436690498197,0.3,0.010246950765959597,0.12900861113892365,0.0003624576745679101,nan,nan,0.4585,0.011141762652291602,0.4585,0.011141762652291602,0.779,0.009277903858092086,nan,nan,1.4266617575356335,0.015049432690862575,nan,nan,nan,nan,157.2756,0.6183708544043682,1.0,0.0,4.135638568654607,0.06690797197700463,0.5,0.0,0.4468335799229735,0.005465893923796466,1.0,0.0,1.0,0.29504166666666665,nan,0.4556481451690743,0.0,0.0,0.0,0.0029438642518325453,0.5,nan
S3_hidden_gem,uip_dirichlet,2000,0.010228504427220123,0.0016971464339106152,0.0758986958799098,0.07656601095179612,0.0012962775277922305,0.905,0.006556485338960196,0.2475975294117647,0.0011540850510509144,nan,nan,0.064,0.005472842040475863,0.064,0.005472842040475863,0.695,0.010295023069425343,0.1137045734846439,0.006868992147227917,1.4005248819615268,0.01612306617023167,nan,nan,nan,nan,26.149799159049326,0.34088654923251904,1.0,0.0,3.2766289507208035,0.025594259769824233,0.500044218608693,0.004263094472317782,0.4470722613781367,0.005475994257951801,0.9567857647224968,0.038595661682132514,0.9614043383178675,0.2940410572457793,0.6809176225234619,0.4498373281986588,0.0024164258412941626,0.0014809313913908735,0.0014809313913908724,0.0030015324840328597,0.4948667835439979,0.07965536127319696
S3_hidden_gem,uip_js,2000,0.002116201178086338,0.001535533425509668,0.06867114242325455,0.0686865798117812,0.001256855813383509,0.9095,0.006415206543830059,0.22387761852315397,0.001343763071610336,nan,nan,0.0445,0.004610843198374892,0.0445,0.004610843198374892,0.7455,0.009739860111931793,0.3882654197101241,0.006236411054871893,2.384748750376325,0.05047926104734759,nan,nan,nan,nan,15.122775959261388,0.11271151505006888,1.0,0.0,2.436885607218671,0.010709581198206353,0.7756132052053893,0.0042925575729714244,0.6620332222217925,0.006077084379067992,0.4641999717554018,0.7755777528222708,0.22442224717772918,0.4640033879164314,0.7757152991250886,0.4641016590187081,0.005926613742755931,0.003207438069881885,0.003207438069881885,0.005925190554351736,0.8027362359306044,0.4309302742810686
S3_hidden_gem,pooling,2000,0.014273559926348102,0.0035973506146027637,0.16087841026304855,0.16147029593796014,0.002540044959249455,0.1505,0.007995303308818247,0.07616311226533168,0.00021798924255545148,nan,nan,0.549,0.011126522367748155,0.549,0.011126522367748155,0.797,0.008994192570764758,nan,nan,1.4266617575356335,0.015049432690862575,nan,nan,nan,nan,524.252,2.061236181347894,1.0,0.0,4.368863212190428,0.07676489984647682,0.5,0.0,0.4468335799229735,0.005465893923796466,1.0,0.0,1.0,0.29504166666666665,nan,0.4556481451690743,0.0,0.0,0.0,0.0029438642518325453,0.5,nan
S4_conflict,weak_only,2000,0.01021946710443294,0.0015951340529816874,0.07133656351383609,0.07204719529041484,0.0013449515351816714,0.955,0.004635461142108735,0.27137938035043807,0.0014391017546641403,nan,nan,0.0265,0.0035915003828483716,0.0265,0.0035915003828483716,0.6885,0.010355379037002944,nan,nan,nan,nan,nan,nan,nan,nan,0.0,0.0,0.0,0.0,3.4857019472212167,0.005149488162032614,0.5,0.0,0.30138850582201865,0.006812429832244833,0.0,1.0,0.0,nan,0.9173333333333333,nan,0.0,0.0,0.0,nan,0.5,nan
S4_conflict,eb_only,2000,0.0013818829050171954,0.0015787680444289485,0.07060465336095074,0.07060052526748707,0.001337610378628044,0.9545,0.004659922209651143,0.2677574515644556,0.0013784064735729877,nan,nan,0.02,0.0031304951684997056,0.02,0.0031304951684997056,0.666,0.010546184144039966,nan,nan,nan,nan,nan,nan,nan,nan,0.0,0.0,0.0,0.0,3.320421553000132,0.011780527065292912,0.5,0.0,0.30138850582201865,0.006812429832244833,0.0,1.0,0.0,nan,0.9173333333333333,nan,0.0,0.0,0.0,nan,0.5,nan
S4_conflict,rule,2000,0.023836960686677712,0.001574999583665178,0.0704361226721841,0.07434357704725164,0.001272546291028376,0.943,0.005184158562389852,0.2697482923654568,0.0013474013594639957,nan,nan,0.0455,0.004659922209651144,0.0455,0.004659922209651144,0.7505,0.009675994780899791,-0.05750864763379168,0.008484452747055752,5.921535730735969,0.18582390204999008,nan,nan,nan,nan,13.248102423631693,0.06683402972499485,0.8000000000000003,5.478720150631083e-18,3.4351292253384074,0.0110968277120366,0.4461457445405249,0.007651221484477928,0.2646966987107832,0.006139435832471686,0.6088709677419355,0.3287609011627907,0.6712390988372092,0.07556612035531089,0.9031694534564512,0.13444629938786867,0.010955995016698142,0.0031659896856948916,0.0031659896856948916,0.002090410534389561,0.4595471590013187,-0.04179274628647564
S4_conflict,rule_sam,2000,0.02042652027141785,0.0016092147307197758,0.07196627056566876,0.07479169243626006,0.0012936698982128445,0.9375,0.005412658773652742,0.26751094267834796,0.001378108308211052,nan,nan,0.045,0.004635461142108733,0.045,0.004635461142108733,0.733,0.009892193892155572,-0.05750864763379168,0.008484452747055752,5.921535730735969,0.18582390204999008,nan,nan,nan,nan,11.3553597416464,0.08981573358865154,0.6881625693855867,0.004172907931373912,3.3419465016246357,0.008239121845620673,0.4461457445405249,0.007651221484477928,0.2646966987107832,0.006139435832471686,0.6088709677419355,0.3287609011627907,0.6712390988372092,0.07556612035531089,0.9031694534564512,0.13444629938786867,0.010955995016698142,0.0031659896856948916,0.0031659896856948916,0.002090410534389561,0.4595471590013187,-0.04179274628647564
S4_conflict,two_head,2000,0.030056152424693793,0.001636157521079671,0.07317118878063379,0.07908677610519846,0.0012906147407040437,0.917,0.006168914004912047,0.26820604768460576,0.0014680895469871794,nan,nan,0.0665,0.005571254347092763,0.0665,0.005571254347092763,0.7595,0.009556666521334729,-0.0768907803852174,0.008137742043631399,6.281872150137797,0.18203430196661854,44.028253908035815,43.578979700670864,44.6477805174911,44.20289281677014,36.459774888015616,0.21231325016405278,0.8000000000000003,5.493892798182416e-18,3.4763218857839058,0.014623302316775121,0.43081827765961983,0.0073458000417243605,0.24933924451840778,0.005694808321565502,0.4637096774193548,0.43718204941860467,0.5628179505813953,0.06911576891292916,0.9004584151931893,0.12030075187969924,0.011195725091574248,0.0033430734827249974,0.003343073482724998,0.0021985232714713853,0.4451489914419343,-0.05975776746106582
S4_conflict,two_head_pro,2000,0.030987526308156606,0.0016364695680720206,0.07318514394637515,0.0794582534951727,0.0012975931160685162,0.9185,0.006117914268768402,0.26894494868585733,0.001448960709798856,nan,nan,0.065,0.005512485827646181,0.065,0.005512485827646181,0.7635,0.009501782727467515,-0.07574824338638884,0.008019094825154916,6.27737572029132,0.1818174217106615,23.88395962942228,27.64616051366929,32.60499637093472,26.35878790634212,32.55928587539864,0.20913489943176783,0.8000000000000003,5.4905247221747235e-18,3.4791048191296126,0.014827307735816052,0.43133509539112264,0.007248935757424925,0.24558213511610366,0.005444559809732652,0.4591733870967742,0.44585755813953487,0.5541424418604651,0.06948363969186179,0.9014601891817431,0.12070221927790657,0.01118784775272394,0.003349959567759371,0.003349959567759371,0.002220676914223811,0.44618091267253107,-0.057737577264624786
S4_conflict,two_head_pro_sam,2000,0.024619861512704806,0.0016834575745543706,0.07528651147880987,0.07919193369370651,0.0013164634708173603,0.916,0.006202580108309766,0.26327149036295366,0.0014339037238501908,nan,nan,0.0635,0.005452877680637995,0.0635,0.005452877680637995,0.743,0.009771156533389485,-0.07574824338638884,0.008019094825154916,6.27737572029132,0.1818174217106615,nan,nan,nan,nan,25.301136205751767,0.27031712991782253,0.6274247642190314,0.005401212700965385,3.2968036820584063,0.0100258891975324,0.43133509539112264,0.007248935757424925,0.24558213511610366,0.005444559809732652,0.4591733870967742,0.44585755813953487,0.5541424418604651,0.06948363969186179,0.9014601891817431,0.12070221927790657,0.01118784775272394,0.003349959567759371,0.003349959567759371,0.002220676914223811,0.44618091267253107,-0.057737577264624786
S4_conflict,two_head_pro_fixdisc,2000,0.02685982688545252,0.0015741972159559157,0.07040023969736689,0.07533369732655146,0.0012813416920266572,0.9385,0.005372045699731156,0.2693303534418023,0.00135331317453632,nan,nan,0.05,0.004873397172404482,0.05,0.004873397172404482,0.7625,0.009515612171584129,-0.07828833945977794,0.008098326614389304,6.287834682607473,0.18191369212090333,15.41898124683223,15.25922162576684,15.631091601788977,15.478725153190856,13.218786688561591,0.08012548828055631,0.8000000000000003,5.536934585985589e-18,3.4224797831000826,0.012458063650365319,0.4282100605215767,0.007280746403912625,0.24522036855715396,0.005440515217334643,0.46018145161290325,0.44422238372093026,0.5557776162790697,0.06943493801810023,0.9012994194083495,0.12066345073680036,0.011189678856223512,0.0033487408249588987,0.0033487408249588987,0.0022167465175032507,0.44333930676801125,-0.060322610394255065
S4_conflict,selective_pro,2000,0.04045341795632866,0.0016337778353752294,0.07306476600062947,0.08350011871285448,0.0012643007444099715,0.856,0.007850605072222142,0.2565275327909887,0.0015034978508641401,nan,nan,0.1275,0.007458007441669658,0.1275,0.007458007441669658,0.799,0.008960998828255698,-0.07917608992155901,0.008056074789733133,6.136843585886347,0.18310717838167706,44.05420035511593,43.597748841075045,44.6602441513917,44.224897631953176,44.089012386665026,0.24018509043022276,0.9999999999714674,1.2762730657041444e-12,3.564449335649939,0.021534065211803236,0.428760508684908,0.007282883809533462,0.24567486170738037,0.005465327882670661,0.5176411290322581,0.39934593023255816,0.6006540697674418,0.07206511823731668,0.9018360857523848,0.12651678472436095,0.011218342342904968,0.0033007880258410635,0.0033007880258410635,0.002166200401326557,0.4441050626196528,-0.060980639613435986
S4_conflict,selective_base,2000,0.03701745564558251,0.001606764359802535,0.07185668664684798,0.08081518264922773,0.001259026652073738,0.8875,0.007065541380531291,0.26002057622027536,0.0014465534068536766,nan,nan,0.0985,0.006663248081829162,0.0985,0.006663248081829162,0.793,0.00905955296910394,-0.07921461828178931,0.008081482737254925,6.152071845657064,0.18308916588819707,28.089562982223732,28.26564898600359,29.483112732239192,28.553786984297275,31.543346029082986,0.2185893237246116,0.9999999930938027,3.7982548731100575e-10,3.523260360219584,0.019482943000501875,0.42897174590422316,0.007302038364730358,0.2489731944847935,0.005702197460770166,0.5080645161290323,0.4017078488372093,0.5982921511627908,0.07108603667136812,0.9006109979633401,0.12472160356347438,0.011223871170959718,0.0033040195100474123,0.0033040195100474123,0.0021579520024721487,0.4443840891869658,-0.061130406630792944
S4_conflict,selective_pro_fixdisc,2000,0.03254863765530171,0.0015500134563303503,0.0693187090878813,0.07656431741426052,0.0012456284762477773,0.9295,0.005724061058374553,0.26413239449311643,0.0013347295592398166,nan,nan,0.061,0.005351588549206675,0.061,0.005351588549206675,0.789,0.009123568380847484,-0.07955716360628023,0.008082911798100433,6.188236238614385,0.1827666827557204,15.41898124683223,15.25922162576684,15.631091601788977,15.478725153190856,16.28383884315169,0.09371474520700251,0.9999999999924567,8.147071487619065e-13,3.4574809729802,0.01646408288505615,0.42734188354528035,0.007260393344607481,0.2455214705742875,0.005509684393836682,0.4944556451612903,0.41460755813953487,0.5853924418604651,0.07073329007138222,0.900996940084888,0.12376206396265692,0.011224641224990188,0.0033202665839718957,0.0033202665839718957,0.002177005594802078,0.4428444197871971,-0.061452922931313526
S4_conflict,selective_pro_sam,2000,0.021913179004561197,0.0017051010323756817,0.07625443633794188,0.0793222484916594,0.0013377486005268849,0.8985,0.006752693906878944,0.25897072365456825,0.0014601490195691321,nan,nan,0.0775,0.005978869040211535,0.0775,0.005978869040211535,0.745,0.009746153087244218,-0.07917608992155901,0.008056074789733133,6.136843585886347,0.18310717838167706,44.05420035511593,43.597748841075045,44.6602441513917,44.224897631953176,31.597332909171243,0.364962555803573,0.7205683945550823,0.007230673679334688,3.1378554395861773,0.009545123948435114,0.428760508684908,0.007282883809533462,0.24567486170738037,0.005465327882670661,0.5176411290322581,0.39934593023255816,0.6006540697674418,0.07206511823731668,0.9018360857523848,0.12651678472436095,0.011218342342904968,0.0033007880258410635,0.0033007880258410635,0.002166200401326557,0.4441050626196528,-0.060980639613435986
S4_conflict,robust_map_w0.5,2000,0.019467611241593935,0.00158717151186672,0.07098046784970201,0.0735846151733386,0.001300617629994592,0.9475,0.004987171041783106,0.27322006345431793,0.0012810684322669679,nan,nan,0.039,0.004328914413568372,0.039,0.004328914413568372,0.7205,0.010034434463386564,nan,nan,2.1396783323848143,0.012473980496589104,nan,nan,nan,nan,2.6620538341363447,0.03253816899468899,0.5,0.0,3.490213300261796,0.008545670807155235,0.5,0.0,0.30138850582201865,0.006812429832244833,1.0,0.0,1.0,0.08266666666666667,nan,0.15270935960591134,0.0,0.0,0.0,0.0017775555416649302,0.5,nan
S4_conflict,robust_map_w0.9,2000,0.030159064214996534,0.0015635106730014954,0.06992232296755578,0.07613314546161136,0.0012474530481413589,0.9295,0.005724061058374553,0.27116477997496874,0.0011180503166089426,nan,nan,0.059,0.0052687284993630104,0.059,0.0052687284993630104,0.772,0.009381257911389069,nan,nan,2.1396783323848143,0.012473980496589104,nan,nan,nan,nan,4.7916969014454205,0.058568704190440184,0.9000000000000002,4.9663100392403566e-18,3.5877011191991315,0.01545070527229524,0.5,0.0,0.30138850582201865,0.006812429832244833,1.0,0.0,1.0,0.08266666666666667,nan,0.15270935960591134,0.0,0.0,0.0,0.0017775555416649302,0.5,nan
S4_conflict,power_prior,2000,0.16325390852931174,0.003271531603508032,0.146307341119657,0.2191961993205352,0.0021654326372922018,0.1405,0.007770448828735699,0.13611982941176473,0.00026605358310033053,nan,nan,0.7705,0.0094029184299344,0.7705,0.0094029184299344,0.924,0.005925537950262405,nan,nan,2.1396783323848143,0.012473980496589104,nan,nan,nan,nan,159.30809999999997,0.6271431786109446,1.0,0.0,6.5688639372196285,0.0984805369620391,0.5,0.0,0.30138850582201865,0.006812429832244833,1.0,0.0,1.0,0.08266666666666667,nan,0.15270935960591134,0.0,0.0,0.0,0.0017775555416649302,0.5,nan
S4_conflict,uip_dirichlet,2000,0.049347745385976687,0.0017734405333362725,0.07931067173186775,0.09339292014876711,0.0013673691366276296,0.8725,0.007458007441669657,0.27216457997496873,0.0011360055229256377,nan,nan,0.1095,0.0069824691191583505,0.1095,0.0069824691191583505,0.802,0.008910555538236659,0.025568069120976596,0.00862004920330899,2.137812384957116,0.014524389183044203,nan,nan,nan,nan,27.227224973194833,0.3651766640886405,1.0,0.0,4.217027612687713,0.033582350036941475,0.5065464832966904,0.006581034469440611,0.299608723842361,0.006547407957993232,0.96875,0.036564316860465115,0.9634356831395349,0.08308477067392903,0.9284890426758939,0.15304375522554445,0.00390625,0.0012649427997920174,0.0012649427997920176,0.0018147187517665686,0.5052290585610122,0.02125961375237669
S4_conflict,uip_js,2000,0.017363017045985685,0.0015720026718176734,0.07030209669991222,0.07239743067915323,0.0013375729252859063,0.908,0.006462816723379983,0.23404829987484357,0.001113931667392004,nan,nan,0.066,0.005551756478809206,0.066,0.005551756478809206,0.786,0.009170714257897256,0.35680690495227674,0.006582614793423556,2.3239363508208073,0.06185076533581162,nan,nan,nan,nan,15.645405724020394,0.12330952063830501,1.0,0.0,2.673814002619031,0.013116335260184617,0.8131918566259909,0.00562113769604005,0.589768935458662,0.009044653527599743,0.6295362903225806,0.7056231831395349,0.29437681686046513,0.16157826649417853,0.9548248309772588,0.2571546221947704,0.010842074496136347,0.0030716308068763827,0.0030716308068763827,0.004186325461019196,0.8391989609911796,0.3871919739006632
S4_conflict,pooling,2000,0.18524161952147858,0.0036911682186003807,0.1650740610635451,0.24809328591506308,0.002425238803554085,0.07,0.005705260730238366,0.08018733854818524,0.0001690709012199955,nan,nan,0.815,0.008682597537603596,0.815,0.008682597537603596,0.931,0.0056674068144081545,nan,nan,2.1396783323848143,0.012473980496589104,nan,nan,nan,nan,531.027,2.0904772620364818,1.0,0.0,7.1053070866979375,0.11186277206023292,0.5,0.0,0.30138850582201865,0.006812429832244833,1.0,0.0,1.0,0.08266666666666667,nan,0.15270935960591134,0.0,0.0,0.0,0.0017775555416649302,0.5,nan
S5_heterogeneous,weak_only,2000,0.007771179965516151,0.0015652294327623479,0.06999918824080092,0.07041184310363093,0.0012088786878716163,0.9525,0.00475624589355933,0.2652579515644556,0.0015757297151562071,nan,nan,0.0305,0.0038451105315712316,0.0305,0.0038451105315712316,0.654,0.010636822833910509,nan,nan,nan,nan,nan,nan,nan,nan,0.0,0.0,0.0,0.0,3.48606648621821,0.005209176575465589,0.5,0.0,0.3607290051560841,0.005459643085746181,0.0,1.0,0.0,nan,0.8184583333333333,nan,0.0,0.0,0.0,nan,0.5,nan
S5_heterogeneous,eb_only,2000,-0.001222661862977463,0.001568923901328892,0.0701644098979115,0.07015752130844675,0.0011971663657739488,0.957,0.004536022486716751,0.26234676921151434,0.0015008348440330374,nan,nan,0.0215,0.003243281517229116,0.0215,0.003243281517229116,0.646,0.010693081875680181,nan,nan,nan,nan,nan,nan,nan,nan,0.0,0.0,0.0,0.0,3.355718786205195,0.013131400870992559,0.5,0.0,0.3607290051560841,0.005459643085746181,0.0,1.0,0.0,nan,0.8184583333333333,nan,0.0,0.0,0.0,nan,0.5,nan
S5_heterogeneous,rule,2000,0.002998836222620205,0.0015328008246308282,0.06854893679684532,0.06859737805703658,0.0012091628384873529,0.9545,0.004659922209651143,0.25831002978723405,0.00156853775879443,nan,nan,0.024,0.00342227994179319,0.024,0.00342227994179319,0.672,0.01049799980948752,0.032437899780765486,0.007717669097256338,5.312367854134062,0.138341762132909,nan,nan,nan,nan,13.025279482687463,0.06499332921448295,0.8000000000000003,5.5003425124906964e-18,3.22049368459464,0.011256056041597363,0.5139975572380664,0.0060684837050039315,0.374556670930273,0.005549236250276245,0.6743171907275648,0.3349284732474673,0.6650715267525327,0.18360204974378203,0.8225806451612904,0.28861928385480623,0.007099630615819134,0.003367489917539899,0.003367489917539899,0.003060571871330837,0.5269570689303255,0.05298936650905479
S5_heterogeneous,rule_sam,2000,0.00396359480440835,0.0015332456463202466,0.06856882982755344,0.06866617555595735,0.0012078625879803672,0.9525,0.00475624589355933,0.25729458836045055,0.0015631583987496527,nan,nan,0.0255,0.003524893615415932,0.0255,0.003524893615415932,0.677,0.010456361699941333,0.032437899780765486,0.007717669097256338,5.312367854134062,0.138341762132909,nan,nan,nan,nan,12.008993299971177,0.0798672104995693,0.7386418606512132,0.0032205290803421337,3.172636070635257,0.009446250031588065,0.5139975572380664,0.0060684837050039315,0.374556670930273,0.005549236250276245,0.6743171907275648,0.3349284732474673,0.6650715267525327,0.18360204974378203,0.8225806451612904,0.28861928385480623,0.007099630615819134,0.003367489917539899,0.003367489917539899,0.003060571871330837,0.5269570689303255,0.05298936650905479
S5_heterogeneous,two_head,2000,0.0020553994084281935,0.0015405285387929328,0.0688945306803884,0.06890796613034163,0.0012457414204123571,0.9475,0.004987171041783106,0.25274230750938675,0.0016703813816816599,nan,nan,0.029,0.003752265982043384,0.029,0.003752265982043384,0.67,0.01051427600931229,0.04318041997786908,0.007669005656515944,5.461181854151701,0.13720982116949004,42.94941064136617,43.275329155210216,43.34793818266899,43.8861848414219,35.885540524671306,0.20112505195093108,0.8000000000000003,5.415612516326545e-18,3.197606587672455,0.014425745736742279,0.530399421497126,0.006123298214564696,0.3957732893634264,0.005881231621364164,0.5813633233876521,0.4500839993890954,0.5499160006109046,0.18995125609298838,0.8289732770745429,0.28634411033235363,0.0074739239080467,0.0035496951468034035,0.0035496951468034035,0.0033968795800360906,0.5453081407554664,0.06583462622634038
S5_heterogeneous,two_head_pro,2000,0.001986487002622384,0.0015356771070257403,0.06867756805599551,0.06868912709097735,0.0012323056860283237,0.95,0.004873397172404485,0.2526346944931164,0.0016437660963855346,nan,nan,0.0285,0.0037207358143249033,0.0285,0.0037207358143249033,0.674,0.010481507525160682,0.050244491634898976,0.007653037912609132,5.443681318054335,0.13727589151651326,30.880225077738814,30.91690968144622,28.830957133625567,24.756346187942267,32.00680256559539,0.19641561208869301,0.8000000000000003,5.4473992163852625e-18,3.185060681042396,0.014554252150515042,0.5355238646237027,0.006091046611950248,0.3994243477454715,0.005931899191820266,0.5921505623135185,0.45736394644402584,0.5426360535559742,0.19487876727849535,0.8348666480810334,0.2932484655603546,0.007445128998437463,0.003554523401294949,0.003554523401294949,0.003442590063027875,0.5512585681764169,0.07384224097602873
S5_heterogeneous,two_head_pro_sam,2000,0.0031978309993249557,0.001532549657772539,0.06853770427346872,0.06859514794593098,0.001222907227709747,0.946,0.005053909377897473,0.2505869188986233,0.0016130132367604022,nan,nan,0.031,0.003875499967746097,0.031,0.003875499967746097,0.6835,0.010400186296408348,0.050244491634898976,0.007653037912609132,5.443681318054335,0.13727589151651326,nan,nan,nan,nan,28.24434974708021,0.24425895222546976,0.7071262014344653,0.004216822497172801,3.094659795311254,0.011449533624547807,0.5355238646237027,0.006091046611950248,0.3994243477454715,0.005931899191820266,0.5921505623135185,0.45736394644402584,0.5426360535559742,0.19487876727849535,0.8348666480810334,0.2932484655603546,0.007445128998437463,0.003554523401294949,0.003554523401294949,0.003442590063027875,0.5512585681764169,0.07384224097602873
S5_heterogeneous,two_head_pro_fixdisc,2000,0.0029302223021300485,0.0015225833071322332,0.06809199552308227,0.06813800552649159,0.0012030715035131379,0.9565,0.004561126505590477,0.25674776408010014,0.0015602816102303534,nan,nan,0.0245,0.003456859123539749,0.0245,0.003456859123539749,0.673,0.01048978074127386,0.053327857745245184,0.0076920408370063816,5.435841407406572,0.13744339446003231,15.036665857801491,15.15239361702127,15.178232468780028,15.367843631778051,13.009564066734237,0.07624287818859778,0.8000000000000003,5.4397533425864076e-18,3.1846822562006856,0.01251188060058707,0.5354228543457501,0.006093627806073316,0.39760901606645943,0.0059244286962649734,0.5887078264861143,0.4572112202820343,0.5427887797179657,0.19392152415513722,0.8336582196231319,0.2917424931756142,0.007454720197922342,0.003554429971779705,0.003554429971779705,0.003437723900068316,0.5501050225248658,0.07550340767960137
S5_heterogeneous,selective_pro,2000,-0.0013314899361569566,0.001595880741152312,0.07136995642398632,0.07136453397922397,0.0013578466109835238,0.9295,0.005724061058374553,0.24596456445556947,0.001668704978280589,nan,nan,0.0325,0.003965081966365891,0.0325,0.003965081966365891,0.6725,0.010493897035896626,0.04724302025286501,0.007634633052544935,5.370413958066138,0.13759533921229425,42.96188094065336,43.29253367951696,43.36635503737786,43.90809191909656,43.33727031953493,0.22537271088833732,0.9999999999697085,1.8298833072543895e-12,3.1965047955446755,0.02043967402159644,0.5345064213847321,0.006114228703054988,0.40014560522159526,0.005999241277689439,0.6279550149185219,0.4115460978465611,0.588453902153439,0.19139559286463798,0.8329726944873777,0.2933733647866181,0.007322648943546645,0.003511248440490231,0.0035112484404902305,0.003290348801549907,0.5499328790053524,0.07076049512717332
S5_heterogeneous,selective_base,2000,-9.689006663933241e-05,0.001568066893627705,0.0701260833483696,0.07010861658658372,0.0012943370332344816,0.938,0.005392402062161169,0.24942945331664582,0.0016344458596437767,nan,nan,0.0315,0.0039056209493497957,0.0315,0.0039056209493497957,0.679,0.01043932469080256,0.04236768326790663,0.007639060619460459,5.3846149197951245,0.13751929151506886,28.300583918419417,28.133055974975047,28.00823234402849,28.132013074570498,30.79507262861972,0.20264675951797584,0.9999999924042833,5.94202097734824e-10,3.1873514741185502,0.018444422647223267,0.530317581169185,0.006102076556256999,0.3941124292417069,0.005841344985645393,0.6153316502180399,0.412615180980502,0.587384819019498,0.18855053097967509,0.8286473775687557,0.2886520241171404,0.007370620898859134,0.003512610958867294,0.003512610958867294,0.003280273783244554,0.5450757335896963,0.0646440225740081
S5_heterogeneous,selective_pro_fixdisc,2000,0.0012413801594890685,0.0015370050758816668,0.06873695662867259,0.06873098170889969,0.0012253346392386416,0.95,0.004873397172404485,0.25374961539424284,0.0015411654188119954,nan,nan,0.026,0.003558370413546066,0.026,0.003558370413546066,0.6775,0.010452122990091534,0.05052659077187475,0.007675267535565596,5.38630651379356,0.1376389574804039,15.036665857801491,15.15239361702127,15.178232468780028,15.367843631778051,16.016795676947794,0.08917269360521349,0.9999999999914913,1.0796948543378312e-12,3.1661604985976597,0.015844722768785822,0.5341551144449909,0.006095327417498244,0.3974206203102402,0.005925801435239859,0.6095937571723663,0.4264114442804052,0.5735885557195948,0.19076348488113193,0.8311997618338791,0.2905908096280087,0.007390687718364841,0.003528667654588691,0.003528667654588691,0.0033298061247393233,0.5487528607375682,0.0724426664600341
S5_heterogeneous,selective_pro_sam,2000,-0.0004079071307879859,0.0015456133759571317,0.06912193151146172,0.0691058527434154,0.0012370616209689178,0.937,0.00543281694887652,0.24596644142678348,0.0016061225300488288,nan,nan,0.0315,0.0039056209493497957,0.0315,0.0039056209493497957,0.673,0.01048978074127386,0.04724302025286501,0.007634633052544935,5.370413958066138,0.13759533921229425,42.96188094065336,43.29253367951696,43.36635503737786,43.90809191909656,37.77545982823959,0.30005951562541905,0.8734721749916918,0.005118932941765611,3.050040336288292,0.013949874914599964,0.5345064213847321,0.006114228703054988,0.40014560522159526,0.005999241277689439,0.6279550149185219,0.4115460978465611,0.588453902153439,0.19139559286463798,0.8329726944873777,0.2933733647866181,0.007322648943546645,0.003511248440490231,0.0035112484404902305,0.003290348801549907,0.5499328790053524,0.07076049512717332
S5_heterogeneous,robust_map_w0.5,2000,0.008555185123796875,0.0015509842216400581,0.06936212303233541,0.06987052133768212,0.001151810843917136,0.95,0.004873397172404485,0.2634604387984981,0.0014214243402712857,nan,nan,0.0335,0.004023540107914919,0.0335,0.004023540107914919,0.6705,0.010510227162150207,nan,nan,1.7793525398476162,0.013570870928691449,nan,nan,nan,nan,2.3052729638103737,0.027376469342674035,0.5,0.0,3.355604698339848,0.008038874381289363,0.5,0.0,0.3607290051560841,0.005459643085746181,1.0,0.0,1.0,0.18154166666666666,nan,0.30729625841943786,0.0,0.0,0.0,0.0024881744473488616,0.5,nan
S5_heterogeneous,robust_map_w0.9,2000,0.008971759622197328,0.0015625979692264294,0.06988150561386841,0.07043774261833056,0.0011249489280967442,0.943,0.005184158562389852,0.2608451922403004,0.0013016597229789679,nan,nan,0.0375,0.004248161366991607,0.0375,0.004248161366991607,0.6855,0.010382431073693675,nan,nan,1.7793525398476162,0.013570870928691449,nan,nan,nan,nan,4.149491334858673,0.049277644816813265,0.9000000000000002,4.9663100392403566e-18,3.3220468612383485,0.013378019639213635,0.5,0.0,0.3607290051560841,0.005459643085746181,1.0,0.0,1.0,0.18154166666666666,nan,0.30729625841943786,0.0,0.0,0.0,0.0024881744473488616,0.5,nan
S5_heterogeneous,power_prior,2000,0.014575051481435765,0.003903712244519335,0.17457931886687028,0.17514317495243387,0.0024541453021408046,0.2215,0.009285411945627398,0.13150623416770962,0.0003238977422779936,nan,nan,0.477,0.011168504823833851,0.477,0.011168504823833851,0.7255,0.00997872111044296,nan,nan,1.7793525398476162,0.013570870928691449,nan,nan,nan,nan,156.73155,0.594191376152917,1.0,0.0,5.117848520623648,0.08997164609064906,0.5,0.0,0.3607290051560841,0.005459643085746181,1.0,0.0,1.0,0.18154166666666666,nan,0.30729625841943786,0.0,0.0,0.0,0.0024881744473488616,0.5,nan
S5_heterogeneous,uip_dirichlet,2000,0.006758113935568036,0.0018975384029447891,0.08486049717801872,0.08510802214407283,0.0012443585974803684,0.867,0.00759312188760328,0.24890515269086358,0.0011994567672071676,nan,nan,0.078,0.005996498978570746,0.078,0.005996498978570746,0.642,0.010719981343267347,0.04092837405431333,0.007161750495392399,1.7673465371593815,0.015079906665930603,nan,nan,nan,nan,32.005751258871165,0.404002231714337,1.0,0.0,3.6411596295446906,0.03180493091250177,0.49417225114878144,0.004940580157484973,0.3588809775371198,0.005376157802240378,0.9616708744549002,0.03797790561523189,0.9620220943847682,0.18148741716117295,0.8170865279299014,0.30534907447893894,0.0029085993796275937,0.0013638107843227882,0.0013638107843227875,0.002536601170985056,0.48759764992034493,0.025764725505231192
S5_heterogeneous,uip_js,2000,-0.0014092840893063735,0.0015822655389105685,0.0707610660691874,0.07075740942584495,0.0012747891895250575,0.8875,0.007065541380531291,0.21743773028785984,0.0014308192941682976,nan,nan,0.051,0.004919298730510275,0.051,0.004919298730510275,0.7015,0.010232246820713425,0.3902291144719297,0.006070982333138397,2.470634781105848,0.053412825433250474,nan,nan,nan,nan,16.2789072018708,0.1617730777356634,1.0,0.0,2.409409517516148,0.012517674278004294,0.795060543175243,0.004489735660246952,0.6119875881562904,0.006826061829077802,0.5331650218039936,0.7707580308506847,0.22924196914931527,0.3403164371520656,0.8815651566321183,0.4154520253956899,0.00755820625737028,0.0029991776158172505,0.0029991776158172505,0.0057349040011291106,0.8289624404577123,0.4304213570504508
S5_heterogeneous,pooling,2000,0.01566965258602249,0.00441208011901919,0.19731422136604546,0.1978862640874267,0.0027795587653439272,0.118,0.007213736895673421,0.07777668185231539,0.00019482544384207107,nan,nan,0.539,0.01114627740548386,0.539,0.01114627740548386,0.7435,0.009764930875331377,nan,nan,1.7793525398476162,0.013570870928691449,nan,nan,nan,nan,522.4385,1.980637920509723,1.0,0.0,5.465580116755036,0.10208252922344663,0.5,0.0,0.3607290051560841,0.005459643085746181,1.0,0.0,1.0,0.18154166666666666,nan,0.30729625841943786,0.0,0.0,0.0,0.0024881744473488616,0.5,nan
