row_type,nct_id,registry_link,reported_unit,extracted_responders,extracted_denominator,extracted_rate,appears_in_query,oversampled_because,audit_endpoint_mapping_ok,audit_arm_identification_ok,audit_numerator_ok,audit_denominator_ok,audit_analysis_population_ok,audit_orr_definition_ok,auditor_notes
donor_observation,NCT03144804,https://clinicaltrials.gov/study/NCT03144804,participants,0,32,0.0,NCT00248287,top-shared donor,,,,,,,
donor_observation,NCT04284774,https://clinicaltrials.gov/study/NCT04284774,percentage of patients,0,5,0.0,NCT00452023,top-shared donor,,,,,,,
donor_observation,NCT04195555,https://clinicaltrials.gov/study/NCT04195555,percentage of participants,0,2,0.0,NCT00452023,top-shared donor,,,,,,,
donor_observation,NCT03331250,https://clinicaltrials.gov/study/NCT03331250,Participants,4,12,0.3333,NCT00452023,top-shared donor,,,,,,,
donor_observation,NCT04230304,https://clinicaltrials.gov/study/NCT04230304,proportion of participants,3,8,0.375,NCT01258933,top-shared donor,,,,,,,
donor_observation,NCT03781960,https://clinicaltrials.gov/study/NCT03781960,Participants,1,7,0.1429,NCT01428635,top-shared donor,,,,,,,
donor_observation,NCT03840967,https://clinicaltrials.gov/study/NCT03840967,Percentage of participants,0,11,0.0,NCT01712308,top-shared donor,,,,,,,
donor_observation,NCT04197310,https://clinicaltrials.gov/study/NCT04197310,percentage of participants,0,19,0.0,NCT01928576,top-shared donor,,,,,,,
donor_observation,NCT04552223,https://clinicaltrials.gov/study/NCT04552223,percentage of participants,2,26,0.0769,NCT01928576,top-shared donor,,,,,,,
donor_observation,NCT03502746,https://clinicaltrials.gov/study/NCT03502746,Percentage of participants,7,33,0.2121,NCT02335411,top-shared donor,,,,,,,
donor_observation,NCT03442569,https://clinicaltrials.gov/study/NCT03442569,percentage of participants,16,49,0.3265,NCT03428126,percentage-derived,,,,,,,
donor_observation,NCT02453594,https://clinicaltrials.gov/study/NCT02453594,Percentage of participants,54,69,0.7826,NCT02061761,percentage-derived,,,,,,,
donor_observation,NCT04191616,https://clinicaltrials.gov/study/NCT04191616,percentage of participants,30,52,0.5769,NCT02180711,percentage-derived,,,,,,,
donor_observation,NCT03194867,https://clinicaltrials.gov/study/NCT03194867,percentage of participants,4,34,0.1176,NCT03648372,percentage-derived,,,,,,,
donor_observation,NCT06400238,https://clinicaltrials.gov/study/NCT06400238,percentage of participants,1,29,0.0345,NCT05490771,percentage-derived,,,,,,,
donor_observation,NCT01723839,https://clinicaltrials.gov/study/NCT01723839,Percentage of Participants,9,20,0.45,NCT04487106,percentage-derived,,,,,,,
donor_observation,NCT03557918,https://clinicaltrials.gov/study/NCT03557918,Percentage of participants,2,24,0.0833,NCT02272998,percentage-derived,,,,,,,
donor_observation,NCT03499808,https://clinicaltrials.gov/study/NCT03499808,percentage of paticipants,27,35,0.7714,NCT02272998,percentage-derived,,,,,,,
donor_observation,NCT03003520,https://clinicaltrials.gov/study/NCT03003520,percentage of participants,20,37,0.5405,NCT00001337,percentage-derived,,,,,,,
donor_observation,NCT04204057,https://clinicaltrials.gov/study/NCT04204057,percentage of participants,7,21,0.3333,NCT02604511,percentage-derived,,,,,,,
donor_observation,NCT03712930,https://clinicaltrials.gov/study/NCT03712930,Percentage of participants,0,12,0.0,NCT02854436,percentage-derived,,,,,,,
donor_observation,NCT04091217,https://clinicaltrials.gov/study/NCT04091217,Percentage of participants,18,40,0.45,NCT03999749,percentage-derived,,,,,,,
donor_observation,NCT01848834,https://clinicaltrials.gov/study/NCT01848834,Percentage of Participants,5,32,0.1562,NCT02499835,percentage-derived,,,,,,,
donor_observation,NCT02055820,https://clinicaltrials.gov/study/NCT02055820,Percentage of participants,144,211,0.6825,NCT01775475,percentage-derived,,,,,,,
donor_observation,NCT02554812,https://clinicaltrials.gov/study/NCT02554812,Percentage of participants,3,28,0.1071,NCT03330405,percentage-derived,,,,,,,
donor_observation,NCT03117361,https://clinicaltrials.gov/study/NCT03117361,percentage of participants,1,8,0.125,NCT03361306,percentage-derived,,,,,,,
donor_observation,NCT03774082,https://clinicaltrials.gov/study/NCT03774082,Percentage of participants,8,22,0.3636,NCT04083976,percentage-derived,,,,,,,
donor_observation,NCT03189524,https://clinicaltrials.gov/study/NCT03189524,Percentage of Participants,7,23,0.3043,NCT04282018,percentage-derived,,,,,,,
donor_observation,NCT04995419,https://clinicaltrials.gov/study/NCT04995419,percentage of participants,15,40,0.375,NCT03837899,percentage-derived,,,,,,,
donor_observation,NCT01282424,https://clinicaltrials.gov/study/NCT01282424,percentage of participants,72,125,0.576,NCT00923013,percentage-derived,,,,,,,
donor_observation,NCT04004221,https://clinicaltrials.gov/study/NCT04004221,Percentage of participants,25,104,0.2404,NCT02867592,percentage-derived,,,,,,,
donor_observation,NCT04189445,https://clinicaltrials.gov/study/NCT04189445,percentage of participants,6,87,0.069,NCT02920996,percentage-derived,,,,,,,
donor_observation,NCT02627677,https://clinicaltrials.gov/study/NCT02627677,percentage of participants,5,10,0.5,NCT04045613,percentage-derived,,,,,,,
donor_observation,NCT05993299,https://clinicaltrials.gov/study/NCT05993299,percentage of participants,4,5,0.8,NCT01316523,percentage-derived,,,,,,,
donor_observation,NCT04695977,https://clinicaltrials.gov/study/NCT04695977,Percentage of participants,8,11,0.7273,NCT05578872,percentage-derived,,,,,,,
donor_observation,NCT01691898,https://clinicaltrials.gov/study/NCT01691898,percentage of participants,25,42,0.5952,NCT02180711,percentage-derived,,,,,,,
donor_observation,NCT04439188,https://clinicaltrials.gov/study/NCT04439188,percentage of participants,0,32,0.0,NCT04364620,percentage-derived,,,,,,,
donor_observation,NCT03584009,https://clinicaltrials.gov/study/NCT03584009,Percentage of Participants,6,51,0.1176,NCT02860000,percentage-derived,,,,,,,
donor_observation,NCT03108066,https://clinicaltrials.gov/study/NCT03108066,Percentage of Participants,0,4,0.0,NCT02054806,percentage-derived,,,,,,,
donor_observation,NCT04958785,https://clinicaltrials.gov/study/NCT04958785,percentage of participants,4,13,0.3077,NCT02554812,percentage-derived,,,,,,,
donor_observation,NCT01121588,https://clinicaltrials.gov/study/NCT01121588,Percentage of participants,9,16,0.5625,NCT03367819,percentage-derived,,,,,,,
donor_observation,NCT01596127,https://clinicaltrials.gov/study/NCT01596127,percentage of Participants,0,3,0.0,NCT00923013,percentage-derived,,,,,,,
donor_observation,NCT03290079,https://clinicaltrials.gov/study/NCT03290079,proportion of participants,18,18,1.0,NCT04768686,count-reported,,,,,,,
donor_observation,NCT03433898,https://clinicaltrials.gov/study/NCT03433898,Participants,4,33,0.1212,NCT03156114,count-reported,,,,,,,
donor_observation,NCT03630042,https://clinicaltrials.gov/study/NCT03630042,Participants,8,17,0.4706,NCT03578367,count-reported,,,,,,,
donor_observation,NCT03008369,https://clinicaltrials.gov/study/NCT03008369,participants,1,3,0.3333,NCT00745134,count-reported,,,,,,,
donor_observation,NCT02420691,https://clinicaltrials.gov/study/NCT02420691,participants,19,19,1.0,NCT00745134,count-reported,,,,,,,
donor_observation,NCT02201212,https://clinicaltrials.gov/study/NCT02201212,Participants,2,30,0.0667,NCT04644315,count-reported,,,,,,,
donor_observation,NCT03434418,https://clinicaltrials.gov/study/NCT03434418,Participants,8,17,0.4706,NCT03433469,count-reported,,,,,,,
donor_observation,NCT03879577,https://clinicaltrials.gov/study/NCT03879577,Participants,25,47,0.5319,NCT03329378,count-reported,,,,,,,
donor_observation,NCT03123055,https://clinicaltrials.gov/study/NCT03123055,Participants,9,22,0.4091,NCT03684811,count-reported,,,,,,,
donor_observation,NCT03206970,https://clinicaltrials.gov/study/NCT03206970,Participants,72,86,0.8372,NCT02572453,count-reported,,,,,,,
donor_observation,NCT03586999,https://clinicaltrials.gov/study/NCT03586999,Participants,11,18,0.6111,NCT02135874,count-reported,,,,,,,
donor_observation,NCT02573493,https://clinicaltrials.gov/study/NCT02573493,Participants,28,40,0.7,NCT03389477,count-reported,,,,,,,
donor_observation,NCT02752685,https://clinicaltrials.gov/study/NCT02752685,Participants,5,19,0.2632,NCT02489448,count-reported,,,,,,,
donor_observation,NCT01444716,https://clinicaltrials.gov/study/NCT01444716,Participants,23,32,0.7188,NCT01243190,count-reported,,,,,,,
donor_observation,NCT02399917,https://clinicaltrials.gov/study/NCT02399917,Participants,2,6,0.3333,NCT01892371,count-reported,,,,,,,
donor_observation,NCT04032080,https://clinicaltrials.gov/study/NCT04032080,Participants,3,10,0.3,NCT03649321,count-reported,,,,,,,
donor_observation,NCT02328105,https://clinicaltrials.gov/study/NCT02328105,Participants,4,11,0.3636,NCT02716038,count-reported,,,,,,,
donor_observation,NCT04301778,https://clinicaltrials.gov/study/NCT04301778,Participants,1,5,0.2,NCT03047993,count-reported,,,,,,,
query_outcome,NCT01130519,https://clinicaltrials.gov/study/NCT01130519,Percentage of participants,31,43,0.7209,(is a pseudo-query),percentage-derived,,,,,,,
query_outcome,NCT04703192,https://clinicaltrials.gov/study/NCT04703192,percentage of participants,52,119,0.437,(is a pseudo-query),percentage-derived,,,,,,,
query_outcome,NCT01997840,https://clinicaltrials.gov/study/NCT01997840,Percent of Participants,30,77,0.3896,(is a pseudo-query),percentage-derived,,,,,,,
query_outcome,NCT03801525,https://clinicaltrials.gov/study/NCT03801525,percentage of participants,50,149,0.3356,(is a pseudo-query),percentage-derived,,,,,,,
query_outcome,NCT04945733,https://clinicaltrials.gov/study/NCT04945733,Percentage of Participants,1,23,0.0435,(is a pseudo-query),percentage-derived,,,,,,,
query_outcome,NCT03369223,https://clinicaltrials.gov/study/NCT03369223,Percentage of participants,21,58,0.3621,(is a pseudo-query),percentage-derived,,,,,,,
query_outcome,NCT05091346,https://clinicaltrials.gov/study/NCT05091346,percentage of participants,0,17,0.0,(is a pseudo-query),percentage-derived,,,,,,,
query_outcome,NCT02061761,https://clinicaltrials.gov/study/NCT02061761,Percentage of participants,13,21,0.619,(is a pseudo-query),percentage-derived,,,,,,,
query_outcome,NCT03310957,https://clinicaltrials.gov/study/NCT03310957,Percentage of participants,11,32,0.3438,(is a pseudo-query),percentage-derived,,,,,,,
query_outcome,NCT04172597,https://clinicaltrials.gov/study/NCT04172597,percentage of participants,0,1,0.0,(is a pseudo-query),percentage-derived,,,,,,,
query_outcome,NCT03642067,https://clinicaltrials.gov/study/NCT03642067,Participants,0,12,0.0,(is a pseudo-query),count-reported,,,,,,,
query_outcome,NCT01740557,https://clinicaltrials.gov/study/NCT01740557,Participants,8,8,1.0,(is a pseudo-query),count-reported,,,,,,,
query_outcome,NCT05313009,https://clinicaltrials.gov/study/NCT05313009,Participants,0,1,0.0,(is a pseudo-query),count-reported,,,,,,,
query_outcome,NCT02272998,https://clinicaltrials.gov/study/NCT02272998,Participants,1,17,0.0588,(is a pseudo-query),count-reported,,,,,,,
query_outcome,NCT03475004,https://clinicaltrials.gov/study/NCT03475004,Participants,1,9,0.1111,(is a pseudo-query),count-reported,,,,,,,
query_outcome,NCT03038672,https://clinicaltrials.gov/study/NCT03038672,proportion of participants,4,25,0.16,(is a pseudo-query),count-reported,,,,,,,
query_outcome,NCT03303339,https://clinicaltrials.gov/study/NCT03303339,Participants,3,32,0.0938,(is a pseudo-query),count-reported,,,,,,,
query_outcome,NCT02499835,https://clinicaltrials.gov/study/NCT02499835,Participants,0,6,0.0,(is a pseudo-query),count-reported,,,,,,,
query_outcome,NCT03836209,https://clinicaltrials.gov/study/NCT03836209,Participants,36,90,0.4,(is a pseudo-query),count-reported,,,,,,,
query_outcome,NCT02939287,https://clinicaltrials.gov/study/NCT02939287,Participants,4,14,0.2857,(is a pseudo-query),count-reported,,,,,,,
